"book","chapter_number","student_id","tried_again_clicks","engaged","idle_brief","idle_long","off_page_brief","off_page_long","access_count","proportion_video","proportion_time","release_pulse","institution_id","class_id","Cost","Expectancy","Intrinsic Value","Utility Value","ratio_correct","n_possible","n_correct","n_attempt"
"College / Advanced Statistics and Data Science (ABCD)",4,"045d0e87-585c-4126-a2c0-c744effb11b2",0,605850.384615385,44828.1538461538,0,27726.0769230769,96997,NA,NA,NA,"v5.0","292cff87-3c74-4e94-8622-233afb0427dd","b7489f46-1d28-4c69-9901-3fb8bf9b85a6",1,4,6,6,0.623188405797101,139,86,293
"College / Advanced Statistics and Data Science (ABCD)",4,"08929fc3-2331-4c9a-bd15-68147ea87d01",0,320873.558823529,138943.058823529,1255927.41176471,43327.8823529412,3471603.17647059,NA,NA,NA,"v5.1.1","292cff87-3c74-4e94-8622-233afb0427dd","84444a0e-2905-46a8-bc93-5f566c0c1916",4,4,4,4,0.447204968944099,162,72,487
"College / Advanced Statistics and Data Science (ABCD)",4,"0a1c6dbe-74fc-4984-9721-f301535753a4",0,357130.777777778,224298.62962963,0,25374.2962962963,41704.6666666667,NA,NA,NA,"v5.0","292cff87-3c74-4e94-8622-233afb0427dd","b7489f46-1d28-4c69-9901-3fb8bf9b85a6",3,5,5,5,0.562043795620438,138,77,300
"College / Advanced Statistics and Data Science (ABCD)",4,"108b5ee7-3cab-468b-b937-535d91da2fd5",0,184138.229166667,64166.1041666667,0,70779.0416666667,111247.1875,NA,NA,NA,"v5.0","2f830a93-5a14-4aff-a6e8-c7d2562e2007","312e145c-f6b8-4f25-a73e-4d9f5b5926c0",2,4,4,5,0.765765765765766,112,85,175
"College / Advanced Statistics and Data Science (ABCD)",4,"13c81022-6492-4e54-b7a0-68a399bc6433",0,425203.045454545,20677.4545454545,84006.9545454545,75023.7727272727,0,NA,NA,NA,"v5.0","2f830a93-5a14-4aff-a6e8-c7d2562e2007","312e145c-f6b8-4f25-a73e-4d9f5b5926c0",4,6,6,6,0.858407079646018,114,97,180
"College / Advanced Statistics and Data Science (ABCD)",4,"1cd70566-0dbb-4bb3-9f76-0832b5bbf315",0,253548.34375,15968.90625,0,47364.65625,1425877.625,NA,NA,NA,"v5.1.1","292cff87-3c74-4e94-8622-233afb0427dd","84444a0e-2905-46a8-bc93-5f566c0c1916",3,5,5,5,0.724409448818898,128,92,231
"College / Advanced Statistics and Data Science (ABCD)",4,"2ed350ca-ed46-4157-9383-52299f08733b",0,411346.689655172,67957.724137931,56745.5517241379,59037.1034482759,415052.724137931,1,0.999832292271373,0.999832292271373,"v5.0","2f830a93-5a14-4aff-a6e8-c7d2562e2007","312e145c-f6b8-4f25-a73e-4d9f5b5926c0",2,5,5,5,0.87962962962963,109,95,169
"College / Advanced Statistics and Data Science (ABCD)",4,"328dce3c-7ee3-4d7e-b2b4-b56844fd284f",0,1013100.60606061,124314.757575758,2080227.6969697,63374.8484848485,195919.909090909,NA,NA,NA,"v5.0","d2e6c885-36f4-48b9-988b-42eef1f8ed9d","25d5269a-ea76-4cb4-844d-3dbcf0bffc53",6,6,6,6,0.794642857142857,226,178,354
"College / Advanced Statistics and Data Science (ABCD)",4,"450f11fa-40c9-4c47-8bbe-4d0652d4b208",0,333395.166666667,95526.6875,0,90498.3125,71866.7291666667,1,0.975198307740867,0.975198307740867,"v5.1.1","292cff87-3c74-4e94-8622-233afb0427dd","84444a0e-2905-46a8-bc93-5f566c0c1916",4,4,5,5,0.689922480620155,130,89,238
"College / Advanced Statistics and Data Science (ABCD)",4,"5e159a97-62b3-4234-9b9d-baf15ef2d596",0,331802.875,72199.96875,216549.875,121012.78125,5456197.71875,1,0.625077657804095,0.625077657804095,"v5.1.1","292cff87-3c74-4e94-8622-233afb0427dd","84444a0e-2905-46a8-bc93-5f566c0c1916",5,5,3,4,0.852173913043478,116,98,184
"College / Advanced Statistics and Data Science (ABCD)",4,"5f7aee38-fac6-4ddb-9c0f-38a5e2706d66",0,609142.695652174,114495.782608696,0,411607.956521739,767226.652173913,NA,NA,NA,"v5.1.1","292cff87-3c74-4e94-8622-233afb0427dd","84444a0e-2905-46a8-bc93-5f566c0c1916",2,2,2,3,0.617886178861789,124,76,199
"College / Advanced Statistics and Data Science (ABCD)",4,"68f0cd94-0fc9-4733-af79-c26a9fb29cb8",0,670386,499145.294117647,332616.235294118,75155.6470588235,1416612.76470588,NA,NA,NA,"v5.0","2f830a93-5a14-4aff-a6e8-c7d2562e2007","312e145c-f6b8-4f25-a73e-4d9f5b5926c0",1,6,6,6,0.55,61,33,91
"College / Advanced Statistics and Data Science (ABCD)",4,"736605fe-b7c4-4cba-8261-0b319f63fac0",0,194618.87804878,6176.19512195122,0,176131.365853659,191883.609756098,NA,NA,NA,"v5.0","97aebe75-a051-4bff-a2c0-1d53eb5d9498","173bd102-4560-470f-b4f1-9841e55f7f37",3,2,4,4,0.388888888888889,91,35,219
"College / Advanced Statistics and Data Science (ABCD)",4,"75ea7e17-f832-4aa5-a225-4dbe88b5b6c6",0.0487804878048781,361421.268292683,55543.5121951219,0,103018.146341463,2715791.46341463,1,0.82687460815047,0.82687460815047,"v5.1.1","292cff87-3c74-4e94-8622-233afb0427dd","84444a0e-2905-46a8-bc93-5f566c0c1916",1,5,NA,5,0.733333333333333,121,88,201
"College / Advanced Statistics and Data Science (ABCD)",4,"7b7f8d1c-0859-428d-9c3a-6277989314ff",0,223511.083333333,229464.083333333,0,240474.5,6942223.91666667,1,0.0395227732235415,0.0395227732235415,"v5.0","d2e6c885-36f4-48b9-988b-42eef1f8ed9d","25d5269a-ea76-4cb4-844d-3dbcf0bffc53",2,5,NA,5,0.691588785046729,216,148,380
"College / Advanced Statistics and Data Science (ABCD)",4,"8c196e62-1ddb-4162-8a82-8225e877f078",0,273246.125,118039.525,106118.225,163750.075,2362594.2,1,0,0,"v5.1.1","292cff87-3c74-4e94-8622-233afb0427dd","84444a0e-2905-46a8-bc93-5f566c0c1916",4,5,5,5,0.854545454545454,111,94,172
"College / Advanced Statistics and Data Science (ABCD)",4,"941ca60f-18fc-4321-a257-c6a656e1b5ec",0,382149.567567568,226937.648648649,106461.594594595,218195.432432432,5937087.18918919,1,0.999777682083384,0.999777682083384,"v5.1.1","292cff87-3c74-4e94-8622-233afb0427dd","84444a0e-2905-46a8-bc93-5f566c0c1916",2,2,4,2,0.68,126,85,215
"College / Advanced Statistics and Data Science (ABCD)",4,"9bec904c-7776-4560-b600-45fbcebe7ad9",0,248813.090909091,46085.5909090909,32556.7045454545,87113.1136363636,450788.318181818,1,0.999832292271373,0.999832292271373,"v5.0","292cff87-3c74-4e94-8622-233afb0427dd","b7489f46-1d28-4c69-9901-3fb8bf9b85a6",2,5,4,4,0.908256880733945,110,99,171
"College / Advanced Statistics and Data Science (ABCD)",4,"9c4008ad-9e93-4205-b748-5655f3ba1e82",0,818139.157894737,689565.052631579,180895.052631579,347369.894736842,125673.736842105,1,0.659970323928945,0.659970323928945,"v5.1.1","292cff87-3c74-4e94-8622-233afb0427dd","84444a0e-2905-46a8-bc93-5f566c0c1916",2,5,5,5,0.456647398843931,174,79,805
"College / Advanced Statistics and Data Science (ABCD)",4,"a085ec52-a73b-4732-92ee-0c574574937c",0,376861.517241379,35105.4137931034,0,163924.896551724,3302497.62068966,1,0.00216651892918132,0.00216651892918132,"v5.1.1","292cff87-3c74-4e94-8622-233afb0427dd","84444a0e-2905-46a8-bc93-5f566c0c1916",4,4,4,5,0.763358778625954,132,100,344
"College / Advanced Statistics and Data Science (ABCD)",4,"a75c4d5d-1e93-4e17-b485-841464261b98",0,386575.166666667,420683.5,0,102761.333333333,236546.666666667,NA,NA,NA,"v5.0","292cff87-3c74-4e94-8622-233afb0427dd","b7489f46-1d28-4c69-9901-3fb8bf9b85a6",2,2,3,2,0.636363636363636,12,7,22
"College / Advanced Statistics and Data Science (ABCD)",4,"a7c8635d-ceb3-4dc2-a1f8-938fdeeac2ff",0,196160.518518519,0,0,17024.037037037,0,1,0.468082220528726,0.468082220528726,"v5.0","292cff87-3c74-4e94-8622-233afb0427dd","b7489f46-1d28-4c69-9901-3fb8bf9b85a6",4,4,5,5,0.59047619047619,106,62,168
"College / Advanced Statistics and Data Science (ABCD)",4,"b607db1a-f141-44cd-b1c9-6374aa2d2ca0",0,309199.724137931,67281.3103448276,0,73763.3103448276,3849098.72413793,NA,NA,NA,"v5.0","292cff87-3c74-4e94-8622-233afb0427dd","b7489f46-1d28-4c69-9901-3fb8bf9b85a6",4,2,2,2,0.747967479674797,124,92,205
"College / Advanced Statistics and Data Science (ABCD)",4,"b8d212bf-8c9d-4368-b5d1-87c859ed8766",0,695719.157894737,116807.684210526,0,83463.2631578947,112258.263157895,NA,NA,NA,"v5.0","292cff87-3c74-4e94-8622-233afb0427dd","b7489f46-1d28-4c69-9901-3fb8bf9b85a6",1,5,5,5,0.66412213740458,132,87,275
"College / Advanced Statistics and Data Science (ABCD)",4,"ba6795c8-1d5e-4d01-8ff9-ccd5b926a588",0,277039.096774194,39234.1290322581,770357.516129032,145619.612903226,1783966.51612903,1,0.17161994251989,0.17161994251989,"v5.0","c699dd97-e5a4-49ce-9718-877a81b1d475","34036ef8-17eb-4e96-b97e-8ec8054a290f",3,4,5,5,0.707964601769911,114,80,183
"College / Advanced Statistics and Data Science (ABCD)",4,"bbd6be62-432a-4e0b-b1f2-87e234968b8c",0,409247.157894737,193002.684210526,42438.3157894737,137359.342105263,602516.342105263,1,0.999832292271373,0.999832292271373,"v5.0","292cff87-3c74-4e94-8622-233afb0427dd","b7489f46-1d28-4c69-9901-3fb8bf9b85a6",2,4,4,5,0.674242424242424,133,89,302
"College / Advanced Statistics and Data Science (ABCD)",4,"c189d1aa-2a19-4a55-822d-9e5022fdf89e",0.0851063829787234,215990.638297872,67289.5319148936,149449.361702128,74537.3191489362,585913.659574468,NA,NA,NA,"v5.0","292cff87-3c74-4e94-8622-233afb0427dd","b7489f46-1d28-4c69-9901-3fb8bf9b85a6",4,5,6,5,0.745454545454545,111,82,173
"College / Advanced Statistics and Data Science (ABCD)",4,"c4547da8-3466-4d63-9102-fa2d42ce28dd",0.112676056338028,166650.591549296,13437.676056338,17334.9718309859,133842.126760563,269917.267605634,1,0.597154381414359,0.597154381414359,"v5.0","97aebe75-a051-4bff-a2c0-1d53eb5d9498","173bd102-4560-470f-b4f1-9841e55f7f37",4,3,4,4,0.525,81,42,167
"College / Advanced Statistics and Data Science (ABCD)",4,"c5889045-7b70-48aa-839f-873234b4af3d",0,202859.192307692,30696.1538461538,0,18085.5769230769,0,1.5,0.519211918560172,0.541523719779575,"v5.0","2f830a93-5a14-4aff-a6e8-c7d2562e2007","312e145c-f6b8-4f25-a73e-4d9f5b5926c0",1,6,6,6,0.508771929824561,115,58,183
"College / Advanced Statistics and Data Science (ABCD)",4,"c7ebd263-85a4-48e7-83f5-80a12bd309f0",0,561577.210526316,130567.947368421,2332111.84210526,10448.3157894737,5170526.21052632,NA,NA,NA,"v5.0","c699dd97-e5a4-49ce-9718-877a81b1d475","34036ef8-17eb-4e96-b97e-8ec8054a290f",2,5,5,5,0.857142857142857,113,96,178
"College / Advanced Statistics and Data Science (ABCD)",4,"c8157401-f787-4ea2-b805-285979fbe8a3",0,603622.6,164226.133333333,0,181961.7,1848205.83333333,NA,NA,NA,"v5.0","292cff87-3c74-4e94-8622-233afb0427dd","b7489f46-1d28-4c69-9901-3fb8bf9b85a6",1,4,1,4,0.831858407079646,114,94,185
"College / Advanced Statistics and Data Science (ABCD)",4,"cce1092c-18e7-4698-8494-7e7a6ae5c695",0,220075.772727273,192319.636363636,300355.318181818,56169.7727272727,0,NA,NA,NA,"v5.1.1","292cff87-3c74-4e94-8622-233afb0427dd","84444a0e-2905-46a8-bc93-5f566c0c1916",5,5,5,5,0.546875,129,70,233
"College / Advanced Statistics and Data Science (ABCD)",4,"cd6e760d-a5e0-4465-aaa7-51357411939d",0,324395.520833333,66907.4375,0,68064.6666666667,217908.6875,1,0.999832292271373,0.999832292271373,"v5.0","2f830a93-5a14-4aff-a6e8-c7d2562e2007","312e145c-f6b8-4f25-a73e-4d9f5b5926c0",2,5,4,5,0.738317757009346,108,79,167
"College / Advanced Statistics and Data Science (ABCD)",4,"d6ac90ed-560b-4f23-9052-d7890cf43963",0,142770.882352941,51470.0588235294,0,102616.117647059,54078.3529411765,NA,NA,NA,"v5.0","97aebe75-a051-4bff-a2c0-1d53eb5d9498","173bd102-4560-470f-b4f1-9841e55f7f37",6,5,6,6,0.179487179487179,79,14,140
"College / Advanced Statistics and Data Science (ABCD)",4,"d8162b25-20f6-438f-aa87-cd909db84d9d",0,291613.166666667,107910.166666667,101345.583333333,186683.805555556,1830810.02777778,NA,NA,NA,"v5.1.1","292cff87-3c74-4e94-8622-233afb0427dd","84444a0e-2905-46a8-bc93-5f566c0c1916",3,4,4,3,0.635593220338983,119,75,191
"College / Advanced Statistics and Data Science (ABCD)",4,"dc0157d5-b5b5-4100-9e67-2fb4dcaa08f9",0,397590.933333333,111078.5,0,50429.9666666667,1434052.9,1,0.999832292271373,0.999832292271373,"v5.0","292cff87-3c74-4e94-8622-233afb0427dd","b7489f46-1d28-4c69-9901-3fb8bf9b85a6",4,4,4,4,0.729508196721312,123,89,205
"College / Advanced Statistics and Data Science (ABCD)",4,"dec3cb78-80e0-4ead-b700-404b79b49364",0.14,235063.285714286,108255.142857143,0,47960.5918367347,64773.8571428571,NA,NA,NA,"v5.0","2f830a93-5a14-4aff-a6e8-c7d2562e2007","312e145c-f6b8-4f25-a73e-4d9f5b5926c0",3,1,1,1,0.591304347826087,116,68,185
"College / Advanced Statistics and Data Science (ABCD)",4,"df3d5806-6ccb-4711-96e0-eb91f30b6c2a",0,367921.060606061,114310.727272727,0,73422.4848484848,38155.1818181818,1,0.904167142691281,0.904167142691281,"v5.1.1","292cff87-3c74-4e94-8622-233afb0427dd","84444a0e-2905-46a8-bc93-5f566c0c1916",2,5,6,6,0.755555555555556,136,102,263
"College / Advanced Statistics and Data Science (ABCD)",4,"eb335ed5-ab36-445a-82c3-5d6c66c6720c",0,38360.5593220339,0,0,26243.3220338983,932414.084745763,NA,NA,NA,"v5.0","2f830a93-5a14-4aff-a6e8-c7d2562e2007","312e145c-f6b8-4f25-a73e-4d9f5b5926c0",1,1,1,1,0.259259259259259,109,28,169
"College / Advanced Statistics and Data Science (ABCD)",4,"f6048ebc-5baf-42f1-8faf-da4a4a2c20d8",0,194445.966101695,88476.1355932203,41277.186440678,104254.86440678,1177357.44067797,1,0.113270224826539,0.113270224826539,"v5.1.1","292cff87-3c74-4e94-8622-233afb0427dd","84444a0e-2905-46a8-bc93-5f566c0c1916",5,1,2,4,0.460176991150442,114,52,275
"College / Advanced Statistics and Data Science (ABCD)",4,"f7644934-82d7-4152-a3da-350b61cda449",0,407990.5625,262489.479166667,704827,102410.770833333,2294024.08333333,2,0.999832292271373,1.30295012964898,"v5.0","2f830a93-5a14-4aff-a6e8-c7d2562e2007","312e145c-f6b8-4f25-a73e-4d9f5b5926c0",2,4,NA,5,0.675438596491228,115,77,217
"College / Advanced Statistics and Data Science (ABCD)",4,"f77e9e18-7090-4e4a-af77-114505b29e97",0,799710.28,62800.2,0,116876.56,5596072.84,NA,NA,NA,"v5.0","d2e6c885-36f4-48b9-988b-42eef1f8ed9d","25d5269a-ea76-4cb4-844d-3dbcf0bffc53",2,5,5,5,0.538461538461538,236,126,382
"College / Advanced Statistics and Data Science (ABCD)",5,"045d0e87-585c-4126-a2c0-c744effb11b2",0,622616.444444444,177367.666666667,0,0,0,NA,NA,NA,"v5.0","292cff87-3c74-4e94-8622-233afb0427dd","b7489f46-1d28-4c69-9901-3fb8bf9b85a6",2,4,6,6,0.630769230769231,65,41,96
"College / Advanced Statistics and Data Science (ABCD)",5,"08929fc3-2331-4c9a-bd15-68147ea87d01",0,441697,84361.8333333333,114934.722222222,71958.0555555556,4365573.38888889,NA,NA,NA,"v5.1.1","292cff87-3c74-4e94-8622-233afb0427dd","84444a0e-2905-46a8-bc93-5f566c0c1916",4,4,4,4,0.513513513513513,74,38,170
"College / Advanced Statistics and Data Science (ABCD)",5,"0a1c6dbe-74fc-4984-9721-f301535753a4",0,161928.208333333,0,0,59998.4583333333,0,NA,NA,NA,"v5.0","292cff87-3c74-4e94-8622-233afb0427dd","b7489f46-1d28-4c69-9901-3fb8bf9b85a6",3,4,5,5,0.666666666666667,66,44,97
"College / Advanced Statistics and Data Science (ABCD)",5,"108b5ee7-3cab-468b-b937-535d91da2fd5",0,88391.3111111111,51464.0222222222,54950.3111111111,75750.2222222222,279405.688888889,NA,NA,NA,"v5.0","2f830a93-5a14-4aff-a6e8-c7d2562e2007","312e145c-f6b8-4f25-a73e-4d9f5b5926c0",3,5,4,5,0.678571428571429,28,19,50
"College / Advanced Statistics and Data Science (ABCD)",5,"13c81022-6492-4e54-b7a0-68a399bc6433",0,234326.15625,78764.15625,36837.53125,139139.6875,305662.5625,1,0.647483993377149,0.647483993377149,"v5.0","2f830a93-5a14-4aff-a6e8-c7d2562e2007","312e145c-f6b8-4f25-a73e-4d9f5b5926c0",4,5,6,6,0.803030303030303,66,53,100
"College / Advanced Statistics and Data Science (ABCD)",5,"1cd70566-0dbb-4bb3-9f76-0832b5bbf315",0,162812.12,6968.84,0,27102.6,0,NA,NA,NA,"v5.1.1","292cff87-3c74-4e94-8622-233afb0427dd","84444a0e-2905-46a8-bc93-5f566c0c1916",3,4,4,4,0.82258064516129,62,51,89
"College / Advanced Statistics and Data Science (ABCD)",5,"2ed350ca-ed46-4157-9383-52299f08733b",0,295910.08,107988.4,178063.08,119926.56,721094.44,NA,NA,NA,"v5.0","2f830a93-5a14-4aff-a6e8-c7d2562e2007","312e145c-f6b8-4f25-a73e-4d9f5b5926c0",3,5,NA,5,0.933333333333333,60,56,84
"College / Advanced Statistics and Data Science (ABCD)",5,"328dce3c-7ee3-4d7e-b2b4-b56844fd284f",0.857142857142857,415413.692307692,307830.538461538,6714256.23076923,101094.153846154,139176,NA,NA,NA,"v5.0","d2e6c885-36f4-48b9-988b-42eef1f8ed9d","25d5269a-ea76-4cb4-844d-3dbcf0bffc53",6,6,6,6,0.257142857142857,140,36,212
"College / Advanced Statistics and Data Science (ABCD)",5,"450f11fa-40c9-4c47-8bbe-4d0652d4b208",0,137845.857142857,24879.6326530612,0,64145.4081632653,871732.836734694,1,0.018475734375777,0.018475734375777,"v5.1.1","292cff87-3c74-4e94-8622-233afb0427dd","84444a0e-2905-46a8-bc93-5f566c0c1916",2,3,5,5,0.727272727272727,66,48,106
"College / Advanced Statistics and Data Science (ABCD)",5,"5e159a97-62b3-4234-9b9d-baf15ef2d596",0,189814.517241379,42714.3448275862,0,188426.551724138,0,NA,NA,NA,"v5.1.1","292cff87-3c74-4e94-8622-233afb0427dd","84444a0e-2905-46a8-bc93-5f566c0c1916",3,5,3,4,0.854838709677419,62,53,88
"College / Advanced Statistics and Data Science (ABCD)",5,"5f7aee38-fac6-4ddb-9c0f-38a5e2706d66",0,261517.55,114518.9,0,165682.55,0,NA,NA,NA,"v5.1.1","292cff87-3c74-4e94-8622-233afb0427dd","84444a0e-2905-46a8-bc93-5f566c0c1916",1,3,4,4,0.770491803278688,61,47,86
"College / Advanced Statistics and Data Science (ABCD)",5,"68f0cd94-0fc9-4733-af79-c26a9fb29cb8",0,315302.851851852,347489.666666667,0,53779.2592592593,3129764.55555556,1,0.919739046113097,0.919739046113097,"v5.0","2f830a93-5a14-4aff-a6e8-c7d2562e2007","312e145c-f6b8-4f25-a73e-4d9f5b5926c0",6,6,6,6,0.529411764705882,51,27,81
"College / Advanced Statistics and Data Science (ABCD)",5,"736605fe-b7c4-4cba-8261-0b319f63fac0",0,204944.625,29417.7083333333,0,49394.625,626516.708333333,NA,NA,NA,"v5.0","97aebe75-a051-4bff-a2c0-1d53eb5d9498","173bd102-4560-470f-b4f1-9841e55f7f37",3,3,5,4,0.53125,32,17,58
"College / Advanced Statistics and Data Science (ABCD)",5,"75ea7e17-f832-4aa5-a225-4dbe88b5b6c6",0,269859.892857143,107236.321428571,43389.75,130566.642857143,1741330.21428571,1,0.996426704797048,0.996426704797048,"v5.1.1","292cff87-3c74-4e94-8622-233afb0427dd","84444a0e-2905-46a8-bc93-5f566c0c1916",2,5,5,5,0.580645161290323,62,36,88
"College / Advanced Statistics and Data Science (ABCD)",5,"7b7f8d1c-0859-428d-9c3a-6277989314ff",0,167047.125,50239.90625,0,141980.75,5321711.875,1,0.75189303713725,0.75189303713725,"v5.0","d2e6c885-36f4-48b9-988b-42eef1f8ed9d","25d5269a-ea76-4cb4-844d-3dbcf0bffc53",2,4,5,5,0.705882352941177,102,72,162
"College / Advanced Statistics and Data Science (ABCD)",5,"8c196e62-1ddb-4162-8a82-8225e877f078",0,317294.238095238,157172.619047619,117582.047619048,91129.6190476191,1686617,1,0.719904718414407,0.719904718414407,"v5.1.1","292cff87-3c74-4e94-8622-233afb0427dd","84444a0e-2905-46a8-bc93-5f566c0c1916",4,4,4,4,0.819672131147541,61,50,86
"College / Advanced Statistics and Data Science (ABCD)",5,"941ca60f-18fc-4321-a257-c6a656e1b5ec",0,330296.470588235,86561.5294117647,0,18207.2941176471,111527.176470588,NA,NA,NA,"v5.1.1","292cff87-3c74-4e94-8622-233afb0427dd","84444a0e-2905-46a8-bc93-5f566c0c1916",3,4,4,4,0.65,60,39,86
"College / Advanced Statistics and Data Science (ABCD)",5,"9bec904c-7776-4560-b600-45fbcebe7ad9",0,216964.551724138,31402.3448275862,0,9462.06896551724,435344.586206897,NA,NA,NA,"v5.0","292cff87-3c74-4e94-8622-233afb0427dd","b7489f46-1d28-4c69-9901-3fb8bf9b85a6",2,5,4,4,0.873015873015873,63,55,90
"College / Advanced Statistics and Data Science (ABCD)",5,"9c4008ad-9e93-4205-b748-5655f3ba1e82",0,453266.666666667,506584.066666667,129757.733333333,69021.2666666667,636295,1,0.999841419630114,0.999841419630114,"v5.1.1","292cff87-3c74-4e94-8622-233afb0427dd","84444a0e-2905-46a8-bc93-5f566c0c1916",2,5,5,5,0.588235294117647,68,40,104
"College / Advanced Statistics and Data Science (ABCD)",5,"a085ec52-a73b-4732-92ee-0c574574937c",0,262333.583333333,74038.8055555556,0,103105.722222222,472763.805555556,1,0.0111856431419774,0.0111856431419774,"v5.1.1","292cff87-3c74-4e94-8622-233afb0427dd","84444a0e-2905-46a8-bc93-5f566c0c1916",4,4,4,4,0.866666666666667,60,52,84
"College / Advanced Statistics and Data Science (ABCD)",5,"a7c8635d-ceb3-4dc2-a1f8-938fdeeac2ff",0,61529.1538461538,0,0,176.615384615385,3083632.15384615,NA,NA,NA,"v5.0","292cff87-3c74-4e94-8622-233afb0427dd","b7489f46-1d28-4c69-9901-3fb8bf9b85a6",4,4,4,4,0.215384615384615,65,14,94
"College / Advanced Statistics and Data Science (ABCD)",5,"b607db1a-f141-44cd-b1c9-6374aa2d2ca0",0,184895.285714286,129972.464285714,1455363.42857143,35332.6428571429,2936051.46428571,NA,NA,NA,"v5.0","292cff87-3c74-4e94-8622-233afb0427dd","b7489f46-1d28-4c69-9901-3fb8bf9b85a6",3,4,3,4,0.720588235294118,68,49,106
"College / Advanced Statistics and Data Science (ABCD)",5,"b8d212bf-8c9d-4368-b5d1-87c859ed8766",0,398434.210526316,33097.3157894737,0,120647.157894737,369827.368421053,NA,NA,NA,"v5.0","292cff87-3c74-4e94-8622-233afb0427dd","b7489f46-1d28-4c69-9901-3fb8bf9b85a6",1,5,5,5,0.580645161290323,62,36,88
"College / Advanced Statistics and Data Science (ABCD)",5,"ba6795c8-1d5e-4d01-8ff9-ccd5b926a588",0,127675.484848485,7244.15151515152,0,104623.454545455,69741.2121212121,NA,NA,NA,"v5.0","c699dd97-e5a4-49ce-9718-877a81b1d475","34036ef8-17eb-4e96-b97e-8ec8054a290f",3,4,4,5,0.661538461538462,65,43,94
"College / Advanced Statistics and Data Science (ABCD)",5,"bbd6be62-432a-4e0b-b1f2-87e234968b8c",0,301912.869565217,195190.826086957,52925.5652173913,60318.3913043478,1211647.95652174,1,0.0445408390818268,0.0445408390818268,"v5.0","292cff87-3c74-4e94-8622-233afb0427dd","b7489f46-1d28-4c69-9901-3fb8bf9b85a6",2,5,5,5,0.688524590163934,61,42,86
"College / Advanced Statistics and Data Science (ABCD)",5,"c189d1aa-2a19-4a55-822d-9e5022fdf89e",0,240972.64,54682.48,0,78175.76,0,1,0.315597303563951,0.315597303563951,"v5.0","292cff87-3c74-4e94-8622-233afb0427dd","b7489f46-1d28-4c69-9901-3fb8bf9b85a6",4,4,5,5,0.868852459016393,61,53,86
"College / Advanced Statistics and Data Science (ABCD)",5,"c4547da8-3466-4d63-9102-fa2d42ce28dd",0,263929.05,98948.1,0,404370.95,913781.15,1,0.99985434464725,0.99985434464725,"v5.0","97aebe75-a051-4bff-a2c0-1d53eb5d9498","173bd102-4560-470f-b4f1-9841e55f7f37",4,4,4,4,0.447368421052632,38,17,81
"College / Advanced Statistics and Data Science (ABCD)",5,"c5889045-7b70-48aa-839f-873234b4af3d",0,131486,20721.1860465116,0,91619.0930232558,95325.0697674419,1,0.99987214821319,0.99987214821319,"v5.0","2f830a93-5a14-4aff-a6e8-c7d2562e2007","312e145c-f6b8-4f25-a73e-4d9f5b5926c0",1,6,6,6,0.716666666666667,60,43,84
"College / Advanced Statistics and Data Science (ABCD)",5,"c7ebd263-85a4-48e7-83f5-80a12bd309f0",0,338773.2,143189.75,268934.15,14545.05,264418.3,1,0.998608417732756,0.998608417732756,"v5.0","c699dd97-e5a4-49ce-9718-877a81b1d475","34036ef8-17eb-4e96-b97e-8ec8054a290f",2,5,5,6,0.825396825396825,63,52,90
"College / Advanced Statistics and Data Science (ABCD)",5,"c8157401-f787-4ea2-b805-285979fbe8a3",0,328039,92403.8148148148,0,9410.96296296296,582018.111111111,1,0.565528572790802,0.565528572790802,"v5.0","292cff87-3c74-4e94-8622-233afb0427dd","b7489f46-1d28-4c69-9901-3fb8bf9b85a6",6,3,1,1,0.650793650793651,63,41,90
"College / Advanced Statistics and Data Science (ABCD)",5,"cce1092c-18e7-4698-8494-7e7a6ae5c695",0,193496.8125,199195.9375,0,20098.0625,132425.0625,NA,NA,NA,"v5.1.1","292cff87-3c74-4e94-8622-233afb0427dd","84444a0e-2905-46a8-bc93-5f566c0c1916",5,5,5,5,0.550724637681159,69,38,113
"College / Advanced Statistics and Data Science (ABCD)",5,"cd6e760d-a5e0-4465-aaa7-51357411939d",0,103306.411764706,20102.2,0,59233.8470588235,243162.6,1,0.0406484192701656,0.0406484192701656,"v5.0","2f830a93-5a14-4aff-a6e8-c7d2562e2007","312e145c-f6b8-4f25-a73e-4d9f5b5926c0",4,2,2,2,0.688524590163934,61,42,86
"College / Advanced Statistics and Data Science (ABCD)",5,"d6ac90ed-560b-4f23-9052-d7890cf43963",0,117037.727272727,0,0,3963.81818181818,0,NA,NA,NA,"v5.0","97aebe75-a051-4bff-a2c0-1d53eb5d9498","173bd102-4560-470f-b4f1-9841e55f7f37",6,6,6,6,0.214285714285714,28,6,50
"College / Advanced Statistics and Data Science (ABCD)",5,"d8162b25-20f6-438f-aa87-cd909db84d9d",0,287758.2,199079.4,0,281850.92,958981.04,NA,NA,NA,"v5.1.1","292cff87-3c74-4e94-8622-233afb0427dd","84444a0e-2905-46a8-bc93-5f566c0c1916",4,4,4,4,0.816666666666667,60,49,84
"College / Advanced Statistics and Data Science (ABCD)",5,"dc0157d5-b5b5-4100-9e67-2fb4dcaa08f9",0,180081,128771.625,327366.291666667,61485.0416666667,1666248.72916667,1,0.999887512504728,0.999887512504728,"v5.0","292cff87-3c74-4e94-8622-233afb0427dd","b7489f46-1d28-4c69-9901-3fb8bf9b85a6",4,4,4,4,0.761194029850746,67,51,102
"College / Advanced Statistics and Data Science (ABCD)",5,"dec3cb78-80e0-4ead-b700-404b79b49364",0,147264.952380952,70985.7380952381,118561.047619048,21251.5238095238,130652.30952381,NA,NA,NA,"v5.0","2f830a93-5a14-4aff-a6e8-c7d2562e2007","312e145c-f6b8-4f25-a73e-4d9f5b5926c0",1,1,NA,1,0.688524590163934,61,42,86
"College / Advanced Statistics and Data Science (ABCD)",5,"df3d5806-6ccb-4711-96e0-eb91f30b6c2a",0,231865.85,54813.5,0,54525.7,0,NA,NA,NA,"v5.1.1","292cff87-3c74-4e94-8622-233afb0427dd","84444a0e-2905-46a8-bc93-5f566c0c1916",4,4,4,4,0.841269841269841,63,53,90
"College / Advanced Statistics and Data Science (ABCD)",5,"eb335ed5-ab36-445a-82c3-5d6c66c6720c",0,63856.3859649123,2669.68421052632,0,116440.035087719,745027.807017544,NA,NA,NA,"v5.0","2f830a93-5a14-4aff-a6e8-c7d2562e2007","312e145c-f6b8-4f25-a73e-4d9f5b5926c0",6,6,6,6,0.4,65,26,95
"College / Advanced Statistics and Data Science (ABCD)",5,"f6048ebc-5baf-42f1-8faf-da4a4a2c20d8",0,137715.222222222,75827.9166666667,0,125393.944444444,821276.194444444,1,0.0611054427331113,0.0611054427331113,"v5.1.1","292cff87-3c74-4e94-8622-233afb0427dd","84444a0e-2905-46a8-bc93-5f566c0c1916",6,1,1,3,0.378378378378378,37,14,70
"College / Advanced Statistics and Data Science (ABCD)",5,"f7644934-82d7-4152-a3da-350b61cda449",0,261251.636363636,232048.113636364,0,119178.409090909,2649956.95454545,1,0.0262418620866482,0.0262418620866482,"v5.0","2f830a93-5a14-4aff-a6e8-c7d2562e2007","312e145c-f6b8-4f25-a73e-4d9f5b5926c0",6,3,4,3,0.523809523809524,63,33,90
"College / Advanced Statistics and Data Science (ABCD)",5,"f77e9e18-7090-4e4a-af77-114505b29e97",0,560482.653846154,23667.7307692308,0,136046.153846154,2678405,NA,NA,NA,"v5.0","d2e6c885-36f4-48b9-988b-42eef1f8ed9d","25d5269a-ea76-4cb4-844d-3dbcf0bffc53",2,5,5,4,0.5625,128,72,186
"College / Statistics and Data Science (ABC)",4,"001824fb-a2fd-431d-aef6-7a1250d97a62",0,452072.023809524,69897.7142857143,95091.0238095238,775133.523809524,6249314,1,0.999777682083384,0.999777682083384,"v5.0-exp1","292cff87-3c74-4e94-8622-233afb0427dd","074123e7-cd90-4500-86fe-286aaa733bf5",4,4,4,4,0.743589743589744,118,87,217
"College / Statistics and Data Science (ABC)",4,"0f122889-830d-40c1-a6f8-f432cb327190",0.0816326530612245,494747.918367347,235290.755102041,51123.5714285714,201917.306122449,490270.163265306,1,0.51321730514651,0.51321730514651,"v5.0-exp1","292cff87-3c74-4e94-8622-233afb0427dd","074123e7-cd90-4500-86fe-286aaa733bf5",2,4,4,4,0.785046728971963,108,84,169
"College / Statistics and Data Science (ABC)",4,"11752721-25a2-4881-995f-cd319c9451c7",0,576093.666666667,368195.583333333,0,231359.583333333,601862.083333333,NA,NA,NA,"v5.0","97aebe75-a051-4bff-a2c0-1d53eb5d9498","3631cec9-51d3-4237-906f-a142a715be51",5,5,5,5,0.48936170212766,48,23,74
"College / Statistics and Data Science (ABC)",4,"11e431e6-8a15-491b-9185-134929ce310a",0,549962.1,86506.3333333333,0,83686.9666666667,3623376.6,NA,NA,NA,"v5.0","292cff87-3c74-4e94-8622-233afb0427dd","51711479-441b-4c02-aef7-517aca63a53f",2,5,4,6,0.814159292035398,114,92,180
"College / Statistics and Data Science (ABC)",4,"124f8575-955c-4ace-9699-ec48bcb5f052",0.0737704918032787,126283.403361345,26892.3025210084,358871.831932773,153327.613445378,1695942.46218487,1,0.999777682083384,0.999777682083384,"v5.2","fc5f1b1b-2aeb-4e09-93fc-06fdac0d8030","1020418a-3eeb-4251-88f7-150c8fe00a56",3,4,5,5,0.819672131147541,123,100,205
"College / Statistics and Data Science (ABC)",4,"15386729-e035-4922-b941-2bb8b3eb70f0",0,399236.634146341,46960.4878048781,0,6457.09756097561,0,NA,NA,NA,"v5.0","94a809a9-a0ef-4c47-8d96-3a5ad76f674b","8589cd83-192c-44c8-b649-cd848e519530",3,4,3,3,0.59375,129,76,233
"College / Statistics and Data Science (ABC)",4,"16ce31ff-ab83-4080-a785-67b2bf8ae86d",0,406379.2,161766,0,0,561291.533333333,NA,NA,NA,"v5.0","94a809a9-a0ef-4c47-8d96-3a5ad76f674b","b1421b49-4026-4c61-9786-d4ef110c8db3",3,2,4,4,0.254385964912281,115,29,182
"College / Statistics and Data Science (ABC)",4,"175dc771-9442-4269-9507-9066fa4650cc",0,328941.071428571,138221.357142857,0,53207.3214285714,0,NA,NA,NA,"v5.2","292cff87-3c74-4e94-8622-233afb0427dd","cc1ffb2e-5555-4109-8ad8-2d49cb54ad10",3,5,4,4,0.664335664335664,144,95,319
"College / Statistics and Data Science (ABC)",4,"188d45ee-832d-40a6-bd57-05e97d88e631",0,221182.486486486,185258.405405405,152777.72972973,156658.72972973,753512.243243243,NA,NA,NA,"v5.0","94a809a9-a0ef-4c47-8d96-3a5ad76f674b","98119d92-8cc6-416a-972c-630351726223",2,2,4,2,0.405940594059406,102,41,171
"College / Statistics and Data Science (ABC)",4,"198a38f3-1cf8-4d24-af3d-30417f8adad6",0,497189.133333333,72918.2333333333,0,78927.1333333333,1202589.4,1,0.999804987177379,0.999804987177379,"v5.0","97aebe75-a051-4bff-a2c0-1d53eb5d9498","79662249-02f6-48d8-aa99-1e1c0aeea77d",2,4,4,4,0.578947368421053,96,55,225
"College / Statistics and Data Science (ABC)",4,"1acec420-e195-4556-b6c8-a424596b23e2",0,408032.384615385,120516.423076923,0,16928.5769230769,46150.7692307692,1,0.520500081398585,0.520500081398585,"v5.0","292cff87-3c74-4e94-8622-233afb0427dd","51711479-441b-4c02-aef7-517aca63a53f",2,5,5,6,0.821428571428571,113,92,180
"College / Statistics and Data Science (ABC)",4,"1ded6d19-2b2d-4955-abaa-22d1ff8bd64f",0.892307692307692,380398.092307692,64570.2153846154,0,49093.4,2250647.36923077,1,0.979832292271373,0.979832292271373,"v5.0-exp1","292cff87-3c74-4e94-8622-233afb0427dd","074123e7-cd90-4500-86fe-286aaa733bf5",2,5,5,5,0.510948905109489,138,70,296
"College / Statistics and Data Science (ABC)",4,"20d2c34d-4b13-4192-b98d-60166d36fddf",0,173527.609375,70535.203125,18441.703125,66732.109375,18794.75,1,0.911611014358141,0.911611014358141,"v5.2","fc5f1b1b-2aeb-4e09-93fc-06fdac0d8030","1020418a-3eeb-4251-88f7-150c8fe00a56",4,5,5,5,0.684210526315789,77,52,115
"College / Statistics and Data Science (ABC)",4,"21021cae-d56f-4842-8cb3-9bf2c6ee5605",0,266318.870967742,82927.8709677419,76463.8064516129,193401.967741935,1184546.51612903,NA,NA,NA,"v5.0","364da48a-e0b2-4507-bc31-e7761fe16e95","60e05fa5-c986-4973-9833-16238720b727",4,4,4,4,0.792792792792793,112,88,170
"College / Statistics and Data Science (ABC)",4,"21845586-ddf6-41ce-ae8a-e7f8083e0493",0.238636363636364,179739.185185185,40873.5185185185,11296.1481481481,73464.5802469136,1779638,3,0.191111221976568,0.230081939491968,"v5.0-exp1","292cff87-3c74-4e94-8622-233afb0427dd","074123e7-cd90-4500-86fe-286aaa733bf5",2,4,4,5,0.73109243697479,120,87,197
"College / Statistics and Data Science (ABC)",4,"236c40f9-cdce-49fb-92e1-7221d7308003",0,228812.841269841,51296.2380952381,396738.158730159,85849.4920634921,242083.333333333,1,0.999832292271373,0.999832292271373,"v5.2","fc5f1b1b-2aeb-4e09-93fc-06fdac0d8030","1020418a-3eeb-4251-88f7-150c8fe00a56",4,5,5,5,0.935779816513762,110,102,170
"College / Statistics and Data Science (ABC)",4,"2995b8ed-3884-4ccb-a57e-f1003f786842",0,159402.8,34864,0,9482.6,0,NA,NA,NA,"v5.0","364da48a-e0b2-4507-bc31-e7761fe16e95","60e05fa5-c986-4973-9833-16238720b727",2,5,5,5,0.323809523809524,106,34,144
"College / Statistics and Data Science (ABC)",4,"2adc3510-b0ae-4949-9af6-a7b2dbff73ca",0,123145.571428571,78450.8095238095,0,18261.8095238095,789579.452380952,NA,NA,NA,"v5.0","94a809a9-a0ef-4c47-8d96-3a5ad76f674b","98119d92-8cc6-416a-972c-630351726223",NA,5,NA,NA,0.40625,129,52,252
"College / Statistics and Data Science (ABC)",4,"2b52c7c7-844f-4e84-9007-203a1b72e96b",0,269808.608695652,0,0,243812.086956522,2002828.95652174,NA,NA,NA,"v5.0-exp1","292cff87-3c74-4e94-8622-233afb0427dd","074123e7-cd90-4500-86fe-286aaa733bf5",2,6,2,3,0.595419847328244,132,78,256
"College / Statistics and Data Science (ABC)",4,"2e7968fe-6970-4a4e-b800-0d38c88ae8e3",0,514959.631578947,134406.263157895,0,9692.05263157895,0,NA,NA,NA,"v5.2","292cff87-3c74-4e94-8622-233afb0427dd","cc1ffb2e-5555-4109-8ad8-2d49cb54ad10",3,4,4,4,0.841269841269841,127,106,222
"College / Statistics and Data Science (ABC)",4,"2eac3fe9-ff5f-405a-90ed-a3b959949151",0,478233.492307692,586502.707692308,173887.169230769,116991.861538462,2245563.69230769,1,0.999832292271373,0.999832292271373,"v5.0","94a809a9-a0ef-4c47-8d96-3a5ad76f674b","686478e7-82ac-4e6c-a3ec-2da0076ef868",3,4,5,5,0.510791366906475,140,71,271
"College / Statistics and Data Science (ABC)",4,"32a0c3c0-41bf-4fcd-8668-3071bd775366",0,402202.565217391,44569.7826086957,0,113840.782608696,1435667.30434783,1,0.996664264970775,0.996664264970775,"v5.0","f17495c5-e105-492d-878a-07a03ea3f805","0089dedf-6316-4c32-a38c-d48dfafed882",2,5,5,5,0.69047619047619,127,87,233
"College / Statistics and Data Science (ABC)",4,"3817a4ed-287f-449c-a2f4-dba0b9fa1d9e",0,335832.833333333,65185.6666666667,0,146171.333333333,1370796,NA,NA,NA,"v5.0","97aebe75-a051-4bff-a2c0-1d53eb5d9498","c7008a64-b43c-4eb4-bebf-07b08b9894ad",2,6,6,6,0.289256198347107,122,35,200
"College / Statistics and Data Science (ABC)",4,"39294026-ddd1-4223-b5f9-8bc3bdccac20",0,513407.518518519,276950.037037037,0,62786.1481481481,1773609.96296296,NA,NA,NA,"v5.0-exp1","292cff87-3c74-4e94-8622-233afb0427dd","074123e7-cd90-4500-86fe-286aaa733bf5",5,5,5,5,0.734513274336283,114,83,181
"College / Statistics and Data Science (ABC)",4,"3973b992-231b-43a0-9714-b99ab8746bd1",0,257336.681818182,25179.9090909091,0,25135.2272727273,917411.863636364,NA,NA,NA,"v5.0","94a809a9-a0ef-4c47-8d96-3a5ad76f674b","7a987176-7e55-45b5-a715-7f56c59d5f49",5,5,5,5,0.700854700854701,118,82,188
"College / Statistics and Data Science (ABC)",4,"3a38e166-0ef2-4df3-831a-28c0135244e2",0,310301.064516129,120803.612903226,0,17018.2258064516,0,1,0.986850633403373,0.986850633403373,"v5.0","292cff87-3c74-4e94-8622-233afb0427dd","51711479-441b-4c02-aef7-517aca63a53f",1,6,5,5,0.7265625,129,93,232
"College / Statistics and Data Science (ABC)",4,"40f3353b-00c7-4667-a12d-7361194681a1",0,379862.333333333,822932.333333333,431566.333333333,125983.333333333,369751,NA,NA,NA,"v5.0","f17495c5-e105-492d-878a-07a03ea3f805","0089dedf-6316-4c32-a38c-d48dfafed882",4,4,6,6,0.5,3,1,5
"College / Statistics and Data Science (ABC)",4,"41298b0f-7dd7-454f-b70d-0158babac7c1",0,260311.285714286,4823.71428571429,0,36419.1071428571,0,NA,NA,NA,"v5.0","97aebe75-a051-4bff-a2c0-1d53eb5d9498","c7008a64-b43c-4eb4-bebf-07b08b9894ad",NA,4,4,3,0.633928571428571,113,71,177
"College / Statistics and Data Science (ABC)",4,"4215e6c8-a500-4c45-94f0-3c6d60134908",0,351147.684210526,69467.0877192982,0,59011.7192982456,1429414.35087719,NA,NA,NA,"v5.0-exp1","292cff87-3c74-4e94-8622-233afb0427dd","074123e7-cd90-4500-86fe-286aaa733bf5",3,4,4,4,0.771929824561403,115,88,185
"College / Statistics and Data Science (ABC)",4,"43d7e2c8-3067-481e-9fec-4a39e09dc09e",0.179487179487179,784686.324324324,516411.405405405,93597,49272,2273760.2972973,1,0.999804987177379,0.999804987177379,"v5.0-exp1","292cff87-3c74-4e94-8622-233afb0427dd","074123e7-cd90-4500-86fe-286aaa733bf5",3,4,3,4,0.634328358208955,135,85,294
"College / Statistics and Data Science (ABC)",4,"45a6b32e-d1d3-415b-8c8b-1fa5edb165f0",0,196419.974358974,35741.1025641026,44589.4615384615,35566.0512820513,218213.948717949,1,0.889385293638832,0.889385293638832,"v5.2","292cff87-3c74-4e94-8622-233afb0427dd","cc1ffb2e-5555-4109-8ad8-2d49cb54ad10",2,5,5,5,0.65625,129,84,225
"College / Statistics and Data Science (ABC)",4,"479eb527-639b-45b6-8ec8-504a56d7d51a",0,131237.5,0,0,3589.6875,79693.5625,NA,NA,NA,"v5.0","94a809a9-a0ef-4c47-8d96-3a5ad76f674b","98119d92-8cc6-416a-972c-630351726223",NA,5,5,5,0.4625,81,37,128
"College / Statistics and Data Science (ABC)",4,"4a31f6e9-8f0a-4032-bc80-81192396eb65",0,171193.880952381,13928.0476190476,0,51063.5714285714,147639,1,0.223478535865218,0.223478535865218,"v5.2","292cff87-3c74-4e94-8622-233afb0427dd","cc1ffb2e-5555-4109-8ad8-2d49cb54ad10",3,4,4,4,0.7,131,91,222
"College / Statistics and Data Science (ABC)",4,"4a748280-132e-4c66-8ec6-c5ed052c3f8d",0,202771.84375,132527.125,0,46999.96875,1164748.59375,1,0.999804987177379,0.999804987177379,"v5.0","97aebe75-a051-4bff-a2c0-1d53eb5d9498","40e49bfa-f6cb-42fa-a3a4-b23592b799ec",3,3,5,5,0.346456692913386,127,44,233
"College / Statistics and Data Science (ABC)",4,"4b52e603-0b9d-47b9-b773-6c72a124d3ed",0,427019.060606061,136088.484848485,38672.9090909091,96447.9696969697,4346976.66666667,NA,NA,NA,"v5.0","364da48a-e0b2-4507-bc31-e7761fe16e95","60e05fa5-c986-4973-9833-16238720b727",3,4,4,3,0.641221374045801,132,84,268
"College / Statistics and Data Science (ABC)",4,"4c647bf3-034a-4392-bd99-ce89315a4ec5",0.137931034482759,188319.444444444,36078.9259259259,91659.6296296296,35309,2919058.22222222,NA,NA,NA,"v5.0","94a809a9-a0ef-4c47-8d96-3a5ad76f674b","103f5ce8-9e95-4916-815e-9f821d274a59",3,5,5,5,0.285714285714286,70,20,235
"College / Statistics and Data Science (ABC)",4,"4f025cde-00fb-4c70-907f-5106446d9b5b",0,166560.413793103,42159.7931034483,0,30074.1379310345,46781.5517241379,NA,NA,NA,"v5.0-exp1","292cff87-3c74-4e94-8622-233afb0427dd","074123e7-cd90-4500-86fe-286aaa733bf5",5,2,4,3,0.286821705426357,130,37,249
"College / Statistics and Data Science (ABC)",4,"4f641e9f-c36e-4afa-9043-3e5ab287201c",0.536231884057971,284128.343283582,101714.626865672,0,55255.9402985075,261140.029850746,1.5,0.999804987177379,1.49972113331307,"v5.0-exp1","292cff87-3c74-4e94-8622-233afb0427dd","074123e7-cd90-4500-86fe-286aaa733bf5",5,5,4,5,0.738095238095238,127,93,244
"College / Statistics and Data Science (ABC)",4,"514fadb4-f5d9-42c6-9e8a-62b366528365",0,452003.5,352477.25,0,560273,6320694,NA,NA,NA,"v5.0","94a809a9-a0ef-4c47-8d96-3a5ad76f674b","94da41a4-f9f8-4225-bf41-42db737850b9",6,1,6,1,0.5,9,4,19
"College / Statistics and Data Science (ABC)",4,"54dcc1b6-74a9-48d4-9658-a276c93bb401",0,383995.722222222,83770.4444444444,0,20207.3333333333,0,NA,NA,NA,"v5.2","292cff87-3c74-4e94-8622-233afb0427dd","cc1ffb2e-5555-4109-8ad8-2d49cb54ad10",2,4,4,4,0.476923076923077,131,62,245
"College / Statistics and Data Science (ABC)",4,"54e79dbd-94ae-417f-8487-2a5c8d7e730d",0.339285714285714,159858.925925926,11447.5925925926,0,4970.61111111111,611162.296296296,1,0.791579622924993,0.791579622924993,"v5.0","97aebe75-a051-4bff-a2c0-1d53eb5d9498","c7008a64-b43c-4eb4-bebf-07b08b9894ad",5,4,3,4,0.413223140495868,122,50,200
"College / Statistics and Data Science (ABC)",4,"57d6907f-63d8-4900-a571-bc90456cd1d8",0,258793.260869565,46303.6086956522,0,8816.39130434783,0,NA,NA,NA,"v5.0","97aebe75-a051-4bff-a2c0-1d53eb5d9498","79662249-02f6-48d8-aa99-1e1c0aeea77d",3,4,4,4,0.617283950617284,82,50,146
"College / Statistics and Data Science (ABC)",4,"5b8ceb46-121c-43a0-ab0c-35c5a2206228",0.0645161290322581,762840.315789474,84204.6842105263,0,144754.473684211,1107817.05263158,NA,NA,NA,"v5.0","364da48a-e0b2-4507-bc31-e7761fe16e95","97c61e74-5a20-4cf5-bf67-8f8db750d0e7",3,3,4,3,0.655913978494624,94,61,140
"College / Statistics and Data Science (ABC)",4,"5e037301-b06b-4b91-896b-fa411d055f7e",0,240708.033333333,102277.7,46562.2333333333,63136.9666666667,736883.666666667,NA,NA,NA,"v5.0","292cff87-3c74-4e94-8622-233afb0427dd","51711479-441b-4c02-aef7-517aca63a53f",4,4,4,4,0.504504504504504,112,56,176
"College / Statistics and Data Science (ABC)",4,"6283ab65-ed00-401a-b069-4fc094184c8f",0,302968.8,124924.24,378187.08,48022.4,1741942.12,NA,NA,NA,"v5.2","292cff87-3c74-4e94-8622-233afb0427dd","cc1ffb2e-5555-4109-8ad8-2d49cb54ad10",3,5,5,5,0.6,141,84,383
"College / Statistics and Data Science (ABC)",4,"64de2798-5534-4ef8-8254-6d3bcf8d2008",0,323126.08,182946.68,72968.68,41395.4,844561.54,1,0.999777682083384,0.999777682083384,"v5.2","292cff87-3c74-4e94-8622-233afb0427dd","cc1ffb2e-5555-4109-8ad8-2d49cb54ad10",3,2,5,5,0.457516339869281,154,70,369
"College / Statistics and Data Science (ABC)",4,"6bf771cc-98d9-4d66-9e95-3d5d794088e9",0,363774.68,124392.04,0,160609.96,385364,1,0.798757377131122,0.798757377131122,"v5.0","97aebe75-a051-4bff-a2c0-1d53eb5d9498","79662249-02f6-48d8-aa99-1e1c0aeea77d",2,5,5,5,0.7625,81,61,144
"College / Statistics and Data Science (ABC)",4,"72419be6-b3b7-4ceb-8361-ad1cc116eb98",0,431339.509803922,174275.333333333,237294.392156863,79152.9411764706,222891.490196078,1,0.999832292271373,0.999832292271373,"v5.0","94a809a9-a0ef-4c47-8d96-3a5ad76f674b","552ede8f-6b54-426d-8d29-abdc43a668cb",3,5,NA,4,0.675675675675676,112,75,176
"College / Statistics and Data Science (ABC)",4,"7258a4d9-3c15-49e0-a185-713f9f04510a",4,433308.670454545,82925.4090909091,24700.6363636364,235821.875,1449393.03409091,1,0.503506083695094,0.503506083695094,"v5.0-exp1","292cff87-3c74-4e94-8622-233afb0427dd","074123e7-cd90-4500-86fe-286aaa733bf5",4,3,5,5,0.791666666666667,145,114,284
"College / Statistics and Data Science (ABC)",4,"78ccab12-8733-4772-a2e0-17c7e68a69d6",0,345335.869565217,10391.2173913043,0,149866.652173913,457995.260869565,NA,NA,NA,"v5.0-exp1","292cff87-3c74-4e94-8622-233afb0427dd","074123e7-cd90-4500-86fe-286aaa733bf5",1,6,6,6,0.767857142857143,113,86,182
"College / Statistics and Data Science (ABC)",4,"7a6bb46d-853d-4a49-ad6d-be434d9e8214",0,288961.117647059,14048.9215686275,0,245677.705882353,19068.8431372549,NA,NA,NA,"v5.0","94a809a9-a0ef-4c47-8d96-3a5ad76f674b","8589cd83-192c-44c8-b649-cd848e519530",2,6,6,5,0.867924528301887,107,92,166
"College / Statistics and Data Science (ABC)",4,"7b7a965e-de91-4b5c-b202-13708736c164",0,463390.527777778,464246.888888889,255378.25,96062.3333333333,1730244.25,1,0.994987847826928,0.994987847826928,"v5.0","94a809a9-a0ef-4c47-8d96-3a5ad76f674b","98119d92-8cc6-416a-972c-630351726223",3,3,5,5,0.316939890710383,184,58,913
"College / Statistics and Data Science (ABC)",4,"8380ec3e-2ae9-4551-b44a-376b5b79929b",1.58974358974359,552387.179487179,365688.025641026,79402.4358974359,164491.076923077,3652591.17948718,1,0.999804987177379,0.999804987177379,"v5.0-exp1","292cff87-3c74-4e94-8622-233afb0427dd","074123e7-cd90-4500-86fe-286aaa733bf5",3,5,4,5,0.5,133,66,264
"College / Statistics and Data Science (ABC)",4,"8476c87b-dc78-41cc-beb0-0d278e230671",0,619139.458333333,62716.9166666667,107206.208333333,84146.375,4244495.25,1,0.999832292271373,0.999832292271373,"v5.0-exp1","292cff87-3c74-4e94-8622-233afb0427dd","074123e7-cd90-4500-86fe-286aaa733bf5",3,6,5,6,0.862385321100917,110,94,175
"College / Statistics and Data Science (ABC)",4,"8746989a-5b4f-454d-a185-7fb0b9411e3f",0,483248.268292683,91940.9756097561,0,88044.7317073171,104511.43902439,1,0.892475887754026,0.892475887754026,"v5.2","292cff87-3c74-4e94-8622-233afb0427dd","cc1ffb2e-5555-4109-8ad8-2d49cb54ad10",5,5,5,5,0.605839416058394,138,83,270
"College / Statistics and Data Science (ABC)",4,"87a2846c-5ad1-4ac1-ad40-46cf881fb13e",0,302496.129032258,46602.2258064516,0,81322.2903225807,3828228.19354839,NA,NA,NA,"v5.0","97aebe75-a051-4bff-a2c0-1d53eb5d9498","c7008a64-b43c-4eb4-bebf-07b08b9894ad",4,4,4,5,0.346153846153846,105,36,258
"College / Statistics and Data Science (ABC)",4,"8f3faf8d-8c56-4587-81c4-d6eb2cc5a4c7",0,352580.555555556,71993.7037037037,0,211660.148148148,37437.8148148148,NA,NA,NA,"v5.0","364da48a-e0b2-4507-bc31-e7761fe16e95","60e05fa5-c986-4973-9833-16238720b727",4,6,6,6,0.893805309734513,114,101,180
"College / Statistics and Data Science (ABC)",4,"8f607314-e790-4df8-a82f-3a618bea07bd",0,554144.390243902,84259.7317073171,123148.512195122,275432.073170732,2995079.65853659,1,0.898708784210527,0.899385621419827,"v5.0","f17495c5-e105-492d-878a-07a03ea3f805","0089dedf-6316-4c32-a38c-d48dfafed882",2,3,4,5,0.496969696969697,166,82,577
"College / Statistics and Data Science (ABC)",4,"91d84b86-36b4-4bba-8cb2-b70e2c39aa6a",0,559734.863636364,241390.818181818,314452.363636364,91420.1818181818,256917.363636364,1,0.873694694067108,0.873694694067108,"v5.0-exp1","292cff87-3c74-4e94-8622-233afb0427dd","074123e7-cd90-4500-86fe-286aaa733bf5",3,4,3,4,0.701754385964912,115,80,183
"College / Statistics and Data Science (ABC)",4,"9964e63b-8515-4c8d-8e0f-b3d0a58b0e96",0.238095238095238,292122.926829268,152174.292682927,0,50007.8536585366,3022754.56097561,NA,NA,NA,"v5.0-exp1","292cff87-3c74-4e94-8622-233afb0427dd","074123e7-cd90-4500-86fe-286aaa733bf5",2,5,4,5,0.692982456140351,115,79,184
"College / Statistics and Data Science (ABC)",4,"99d7589c-83a6-4b51-8191-30323f8f544c",0.129032258064516,415725.966666667,76399.0666666667,0,36363,258470.5,1,0.564988536708077,0.564988536708077,"v5.0-exp1","292cff87-3c74-4e94-8622-233afb0427dd","074123e7-cd90-4500-86fe-286aaa733bf5",2,5,3,5,0.745454545454545,111,82,176
"College / Statistics and Data Science (ABC)",4,"99dc401b-87b4-4bca-a87d-9f9049672d0e",0,304670.46875,38091.25,0,273696.59375,1309257.15625,1,0.0114822734887436,0.0114822734887436,"v5.0","94a809a9-a0ef-4c47-8d96-3a5ad76f674b","bcae937d-c95f-436c-ac0f-d4a5e995de19",4,3,5,5,0.432098765432099,82,35,202
"College / Statistics and Data Science (ABC)",4,"9aa3aa85-eddd-4032-b7aa-5aa2c0e2f2fb",0,519867.255813953,144414.325581395,67452.4186046512,90636.1162790698,2747282.51162791,1,0.999777682083384,0.999777682083384,"v5.0","f17495c5-e105-492d-878a-07a03ea3f805","0089dedf-6316-4c32-a38c-d48dfafed882",3,4,5,5,0.75,113,84,180
"College / Statistics and Data Science (ABC)",4,"9bc5dcd2-8f6b-4d70-918e-ad5d0f795ce6",0,382528.325301205,353991.746987952,149013.855421687,46443.4698795181,5052660.6626506,1,0.46961225078386,0.46961225078386,"v5.0","94a809a9-a0ef-4c47-8d96-3a5ad76f674b","686478e7-82ac-4e6c-a3ec-2da0076ef868",4,5,5,5,0.587786259541985,132,77,259
"College / Statistics and Data Science (ABC)",4,"9cba7a76-428f-45f6-aa2f-2c2e6fd5d342",1.08333333333333,354654.944444444,64679.6944444444,25008.6111111111,72519.8888888889,3436424.30555556,1,0.999804987177379,0.999804987177379,"v5.0-exp1","292cff87-3c74-4e94-8622-233afb0427dd","074123e7-cd90-4500-86fe-286aaa733bf5",3,4,5,5,0.822429906542056,108,88,169
"College / Statistics and Data Science (ABC)",4,"9e8c9433-b709-44f8-90e0-52e5889f778e",0.184210526315789,355710.868421053,51992.4210526316,79746.8684210526,143007.5,2190109.15789474,1,0.999832292271373,0.999832292271373,"v5.0-exp1","292cff87-3c74-4e94-8622-233afb0427dd","074123e7-cd90-4500-86fe-286aaa733bf5",5,4,6,6,0.53125,161,85,446
"College / Statistics and Data Science (ABC)",4,"a06314f1-64f4-433d-984c-c0a614187ca1",0,856781.372093023,137433.558139535,0,214822.162790698,2467772.25581395,1,0.999832292271373,0.999832292271373,"v5.2","292cff87-3c74-4e94-8622-233afb0427dd","cc1ffb2e-5555-4109-8ad8-2d49cb54ad10",2,4,4,5,0.822033898305085,119,97,195
"College / Statistics and Data Science (ABC)",4,"a21ac54a-e190-486c-b805-c83b89589f2a",0,251343.472222222,32103.8333333333,25543.75,356428.888888889,1453849.47222222,1,0.999777682083384,0.999777682083384,"v5.2","292cff87-3c74-4e94-8622-233afb0427dd","cc1ffb2e-5555-4109-8ad8-2d49cb54ad10",3,4,4,5,0.793388429752066,122,96,209
"College / Statistics and Data Science (ABC)",4,"a446e23a-ace7-4cb4-b630-9f50a52248fe",0,128052.382978723,40614.5319148936,0,14174.9787234043,756376.595744681,NA,NA,NA,"v5.0-exp1","292cff87-3c74-4e94-8622-233afb0427dd","074123e7-cd90-4500-86fe-286aaa733bf5",3,3,3,3,0.73728813559322,119,87,195
"College / Statistics and Data Science (ABC)",4,"a51af53e-6e4c-4651-832d-e7349e808a6d",0,168023.857142857,0,0,193079.714285714,1841930.71428571,NA,NA,NA,"v5.0","f17495c5-e105-492d-878a-07a03ea3f805","0089dedf-6316-4c32-a38c-d48dfafed882",5,4,4,5,0.6,6,3,9
"College / Statistics and Data Science (ABC)",4,"a82791eb-61d5-4496-a7b8-d8112e081649",0.0363636363636364,149142.163636364,10000.0363636364,164464.8,29620.2545454545,57023.6181818182,NA,NA,NA,"v5.0-exp1","292cff87-3c74-4e94-8622-233afb0427dd","074123e7-cd90-4500-86fe-286aaa733bf5",1,6,6,6,0.520325203252033,124,64,215
"College / Statistics and Data Science (ABC)",4,"a84ff79f-209e-409e-b5c8-e272b6f5ac74",0,190941.977272727,21846.5681818182,0,91200.3636363636,293317.931818182,NA,NA,NA,"v5.0-exp1","292cff87-3c74-4e94-8622-233afb0427dd","074123e7-cd90-4500-86fe-286aaa733bf5",2,5,5,5,0.459677419354839,125,57,211
"College / Statistics and Data Science (ABC)",4,"ac13b578-75c4-41fe-9df7-31b1d89398fb",0,151455.246753247,20086.012987013,0,17271.8311688312,154617.155844156,NA,NA,NA,"v5.0","94a809a9-a0ef-4c47-8d96-3a5ad76f674b","7a987176-7e55-45b5-a715-7f56c59d5f49",4,4,4,4,0.299319727891156,148,44,290
"College / Statistics and Data Science (ABC)",4,"ade53c84-f641-46a7-8789-8ffaf230bd25",0,447388,311689.090909091,0,188938.545454545,3830885.31818182,NA,NA,NA,"v5.0-exp1","292cff87-3c74-4e94-8622-233afb0427dd","074123e7-cd90-4500-86fe-286aaa733bf5",2,5,5,5,0.643478260869565,116,74,191
"College / Statistics and Data Science (ABC)",4,"af8dd73a-716a-4902-bc01-88e8e00df672",0,300745.555555556,38325.8888888889,0,188446.333333333,433315.944444444,NA,NA,NA,"v5.0","94a809a9-a0ef-4c47-8d96-3a5ad76f674b","bcae937d-c95f-436c-ac0f-d4a5e995de19",2,5,5,3,0.338983050847458,119,40,200
"College / Statistics and Data Science (ABC)",4,"b0966f14-dab9-4592-9d64-81bb9a34d0ea",0,480184.315789474,49515.1052631579,54600,2766.73684210526,296779.842105263,NA,NA,NA,"v5.2","292cff87-3c74-4e94-8622-233afb0427dd","cc1ffb2e-5555-4109-8ad8-2d49cb54ad10",3,4,4,4,0.480314960629921,128,61,233
"College / Statistics and Data Science (ABC)",4,"b5018344-94aa-47c1-931e-0bbe779d10c8",0,486611.791666667,167592.5,0,191649.958333333,1318486.91666667,1,0.654469445411974,0.654469445411974,"v5.0","97aebe75-a051-4bff-a2c0-1d53eb5d9498","3631cec9-51d3-4237-906f-a142a715be51",1,5,6,6,0.475609756097561,83,39,150
"College / Statistics and Data Science (ABC)",4,"b8590b9f-c0d9-4038-8cb2-b05b92bd478e",0,252343.12,139299.46,0,174842.1,1072711.36,NA,NA,NA,"v5.0","97aebe75-a051-4bff-a2c0-1d53eb5d9498","79662249-02f6-48d8-aa99-1e1c0aeea77d",3,2,4,5,0.742857142857143,106,78,191
"College / Statistics and Data Science (ABC)",4,"b8b53c0a-ca6b-4aa0-8ad9-f6be31b7b103",0,200358.578947368,21013.8596491228,0,7772.9649122807,0,2,0.962042227485414,1.12590015281928,"v5.2","292cff87-3c74-4e94-8622-233afb0427dd","cc1ffb2e-5555-4109-8ad8-2d49cb54ad10",2,5,5,5,0.58974358974359,118,69,202
"College / Statistics and Data Science (ABC)",4,"c0a54432-3243-455e-8daa-7d59680ef098",0,240968.833333333,48318.0416666667,0,49672.2083333333,66521.7708333333,1,0.999832292271373,0.999832292271373,"v5.2","292cff87-3c74-4e94-8622-233afb0427dd","cc1ffb2e-5555-4109-8ad8-2d49cb54ad10",2,5,5,5,0.629310344827586,117,73,184
"College / Statistics and Data Science (ABC)",4,"c0ae4eda-7838-48f7-bafb-9c7a56992453",0,492741.390243902,75771.4634146341,30640.7073170732,183639.292682927,8362530.56097561,1,0.999832292271373,0.999832292271373,"v5.0","94a809a9-a0ef-4c47-8d96-3a5ad76f674b","bcae937d-c95f-436c-ac0f-d4a5e995de19",4,2,4,4,0.489583333333333,193,94,706
"College / Statistics and Data Science (ABC)",4,"c26105d2-1433-497f-9d5d-f4bdb203e8d8",0.222222222222222,232199.888888889,216402.901234568,316023.407407407,36107.5432098765,3516373.37037037,1,0.0135006748205292,0.0135006748205292,"v5.2","292cff87-3c74-4e94-8622-233afb0427dd","cc1ffb2e-5555-4109-8ad8-2d49cb54ad10",1,6,6,6,0.342105263157895,153,52,371
"College / Statistics and Data Science (ABC)",4,"c532035b-8ce2-4b99-aa9e-2f049d8d6fe7",0,262174.863636364,38565.3484848485,0,43054.196969697,1808797.93939394,1,0.0228409209068328,0.0228409209068328,"v5.2","292cff87-3c74-4e94-8622-233afb0427dd","cc1ffb2e-5555-4109-8ad8-2d49cb54ad10",1,5,6,6,0.729508196721312,123,89,219
"College / Statistics and Data Science (ABC)",4,"c8490b35-10c6-4655-a810-2a7c023e8dfa",0.292682926829268,295344.414634146,59307.3902439024,0,57891.756097561,652246.170731707,NA,NA,NA,"v5.0-exp1","292cff87-3c74-4e94-8622-233afb0427dd","074123e7-cd90-4500-86fe-286aaa733bf5",2,5,6,6,0.258620689655172,117,30,191
"College / Statistics and Data Science (ABC)",4,"ca1fb910-04e1-40ba-8bbd-b414ce3db86b",0,115262.736,20311.208,0,47304.44,403991.28,NA,NA,NA,"v5.0","94a809a9-a0ef-4c47-8d96-3a5ad76f674b","8589cd83-192c-44c8-b649-cd848e519530",4,4,4,4,0.470588235294118,120,56,194
"College / Statistics and Data Science (ABC)",4,"d92a6267-7fbb-4b28-846c-8f32228c5e0d",0.290322580645161,762855.741935484,245954.193548387,0,37425.3225806452,1162553.74193548,NA,NA,NA,"v5.0-exp1","292cff87-3c74-4e94-8622-233afb0427dd","074123e7-cd90-4500-86fe-286aaa733bf5",2,5,5,5,0.613445378151261,120,73,202
"College / Statistics and Data Science (ABC)",4,"d9672c2c-ada0-460d-8fe6-67e07e948607",0,358862.714285714,265172.178571429,0,192494.571428571,335528.392857143,1,0.999832292271373,0.999832292271373,"v5.0","94a809a9-a0ef-4c47-8d96-3a5ad76f674b","b1421b49-4026-4c61-9786-d4ef110c8db3",4,6,6,6,0.68,51,34,76
"College / Statistics and Data Science (ABC)",4,"de0b62ec-112f-45d0-a179-12425c433a34",0,179549.03030303,4026.21212121212,0,52215.3636363636,91263,NA,NA,NA,"v5.0-exp1","292cff87-3c74-4e94-8622-233afb0427dd","074123e7-cd90-4500-86fe-286aaa733bf5",3,5,4,3,0.765765765765766,112,85,177
"College / Statistics and Data Science (ABC)",4,"dec5f39b-417c-425e-a9a4-b884d2ecf9df",0,169781.592592593,29363.037037037,0,22081.0740740741,544965.037037037,NA,NA,NA,"v5.0","364da48a-e0b2-4507-bc31-e7761fe16e95","4a3b5b2c-ef0f-4121-96f4-fd8a42764836",4,4,4,4,0.364864864864865,75,27,130
"College / Statistics and Data Science (ABC)",4,"e11a5b5c-08d3-423b-b209-fcb1cc7e08e6",0,124283.823529412,56419.5882352941,0,132.352941176471,160334.647058824,NA,NA,NA,"v5.0","364da48a-e0b2-4507-bc31-e7761fe16e95","52619962-72f6-4716-9c64-1c06fe10f739",6,6,6,5,0.229885057471264,88,20,159
"College / Statistics and Data Science (ABC)",4,"e58e50e9-32aa-4d7b-977c-da82672bb770",0.7,263570.783783784,42574.4324324324,0,64563.9459459459,0,1,0.199417028584032,0.199417028584032,"v5.0","364da48a-e0b2-4507-bc31-e7761fe16e95","52619962-72f6-4716-9c64-1c06fe10f739",2,3,4,4,0.306306306306306,112,34,175
"College / Statistics and Data Science (ABC)",4,"e6cbdadb-c6f7-4b7f-b03b-9ddfb5aedf1e",0,179920.75,0,0,17453.2916666667,1086454.95833333,NA,NA,NA,"v5.2","292cff87-3c74-4e94-8622-233afb0427dd","cc1ffb2e-5555-4109-8ad8-2d49cb54ad10",1,6,6,6,0.428571428571429,113,48,176
"College / Statistics and Data Science (ABC)",4,"ef0ecb24-ca4c-4c43-94fc-4b9a15f38042",0,323198.282608696,171563.391304348,20533.9130434783,58940.8260869565,117830.086956522,2,0.68299990324703,1.6828321955184,"v5.2","292cff87-3c74-4e94-8622-233afb0427dd","cc1ffb2e-5555-4109-8ad8-2d49cb54ad10",3,4,4,4,0.56140350877193,115,64,181
"College / Statistics and Data Science (ABC)",4,"ef164b41-44e0-42d6-9720-77447fb36c9c",0,328135.642857143,72714.0357142857,0,43585.75,33590.5714285714,NA,NA,NA,"v5.2","292cff87-3c74-4e94-8622-233afb0427dd","cc1ffb2e-5555-4109-8ad8-2d49cb54ad10",4,5,5,6,0.746835443037975,80,59,130
"College / Statistics and Data Science (ABC)",4,"f03fcac7-b005-4ba0-952e-b8616cbaa093",0,140950.87037037,119492.592592593,0,37435.5,1332789.96296296,NA,NA,NA,"v5.0","94a809a9-a0ef-4c47-8d96-3a5ad76f674b","94da41a4-f9f8-4225-bf41-42db737850b9",4,4,3,3,0.88785046728972,108,95,167
"College / Statistics and Data Science (ABC)",4,"f1733a31-055f-4c38-92c1-3f294ba94c35",0,567778.384615385,345025.307692308,591014.576923077,97171.8076923077,340813.769230769,NA,NA,NA,"v5.0-exp1","292cff87-3c74-4e94-8622-233afb0427dd","074123e7-cd90-4500-86fe-286aaa733bf5",4,5,5,5,0.925233644859813,108,99,169
"College / Statistics and Data Science (ABC)",4,"f1df3150-ad4c-480e-b3ef-e3494116401d",1.52,784463.06122449,35008.1020408163,0,24494.9387755102,1608633.42857143,2,0.999804987177379,1.30392756743399,"v5.2","292cff87-3c74-4e94-8622-233afb0427dd","cc1ffb2e-5555-4109-8ad8-2d49cb54ad10",5,5,5,5,0.439716312056738,142,62,274
"College / Statistics and Data Science (ABC)",4,"f2a07470-550d-4584-a72f-95643e0d8805",1.35483870967742,474089.935483871,322773.774193548,229141.838709677,118067.419354839,4067493.87096774,1,0.233775387168432,0.233775387168432,"v5.0-exp1","292cff87-3c74-4e94-8622-233afb0427dd","074123e7-cd90-4500-86fe-286aaa733bf5",3,4,4,4,0.661016949152542,119,78,200
"College / Statistics and Data Science (ABC)",4,"f2eb2e96-b02d-4eb3-9404-343e3f4d9d16",0,365320.368421053,0,0,23510.0526315789,0,1,0.565708185301289,0.565708185301289,"v5.0","97aebe75-a051-4bff-a2c0-1d53eb5d9498","3631cec9-51d3-4237-906f-a142a715be51",4,5,5,5,0.345132743362832,114,39,182
"College / Statistics and Data Science (ABC)",4,"fb7c9a8b-7b0c-4907-90c1-3a6e5230b486",0,188653.323943662,50055.7535211268,0,35396.7746478873,800203.35915493,1,0.999777685584398,0.999777685584398,"v5.0-exp1","292cff87-3c74-4e94-8622-233afb0427dd","074123e7-cd90-4500-86fe-286aaa733bf5",1,4,5,5,0.543307086614173,128,69,235
"College / Statistics and Data Science (ABC)",4,"fc61b68e-ee2f-4200-8e91-bb961fc76658",0,499545.225806452,121204.516129032,432787.838709677,209988,8308392.25806452,NA,NA,NA,"v5.0","292cff87-3c74-4e94-8622-233afb0427dd","51711479-441b-4c02-aef7-517aca63a53f",2,5,5,5,0.669491525423729,119,79,201
"College / Statistics and Data Science (ABC)",4,"fc8583cc-315d-4240-a516-ab7e4640ccaa",0,402051.181818182,67205.0363636364,0,39620.9454545455,1281636.90909091,1,0.62114915371729,0.62114915371729,"v5.0-exp1","292cff87-3c74-4e94-8622-233afb0427dd","074123e7-cd90-4500-86fe-286aaa733bf5",3,5,5,5,0.828828828828829,112,92,178
"College / Statistics and Data Science (ABC)",4,"fcdfb64b-0dd7-4839-a76d-1bd3d688d5c0",0,374379.407407407,26477.0740740741,0,55181.1481481481,514664.518518519,1,0.999832292271373,0.999832292271373,"v5.2","292cff87-3c74-4e94-8622-233afb0427dd","cc1ffb2e-5555-4109-8ad8-2d49cb54ad10",3,4,4,4,0.783783783783784,112,87,174
"College / Statistics and Data Science (ABC)",4,"fd2a1c41-0bc1-47c6-8ab3-d238a9a648ef",0,316434.285714286,142630,129356,194274.571428571,1255255.25,1,0.818229941851706,0.818229941851706,"v5.0","97aebe75-a051-4bff-a2c0-1d53eb5d9498","9fad0c9e-9d3d-4eed-ada6-3959bd6d712c",4,4,4,4,0.417808219178082,147,61,379
"College / Statistics and Data Science (ABC)",4,"fdc4706b-6963-41e4-9a96-ce7b44b2dc46",0,559866.1,659110.166666667,41076.8666666667,189447.833333333,2986183.23333333,NA,NA,NA,"v5.0","97aebe75-a051-4bff-a2c0-1d53eb5d9498","40e49bfa-f6cb-42fa-a3a4-b23592b799ec",3,4,4,4,0.5,117,58,195
"College / Statistics and Data Science (ABC)",4,"fe5182ec-6732-402e-91f6-a5ddec5107ba",0,207001.5,0,0,367723.25,0,NA,NA,NA,"v5.0","94a809a9-a0ef-4c47-8d96-3a5ad76f674b","7a987176-7e55-45b5-a715-7f56c59d5f49",4,1,3,2,0.8,6,4,7
"College / Statistics and Data Science (ABC)",5,"001824fb-a2fd-431d-aef6-7a1250d97a62",0.177215189873418,215836.459459459,88298.1216216216,91366.3513513513,259799.891891892,4330304.98648649,NA,NA,NA,"v5.0-exp1","292cff87-3c74-4e94-8622-233afb0427dd","074123e7-cd90-4500-86fe-286aaa733bf5",4,4,4,4,0.777777777777778,63,49,90
"College / Statistics and Data Science (ABC)",5,"0f122889-830d-40c1-a6f8-f432cb327190",0.285714285714286,538797.518518519,232365.444444444,46696.2222222222,279133.444444444,2347965.81481481,NA,NA,NA,"v5.0-exp1","292cff87-3c74-4e94-8622-233afb0427dd","074123e7-cd90-4500-86fe-286aaa733bf5",3,4,4,4,0.883333333333333,60,53,84
"College / Statistics and Data Science (ABC)",5,"11e431e6-8a15-491b-9185-134929ce310a",0,292133.761904762,25445.0952380952,0,47823.619047619,2027937.38095238,NA,NA,NA,"v5.0","292cff87-3c74-4e94-8622-233afb0427dd","51711479-441b-4c02-aef7-517aca63a53f",2,5,4,5,0.777777777777778,63,49,91
"College / Statistics and Data Science (ABC)",5,"124f8575-955c-4ace-9699-ec48bcb5f052",0,153089.869565217,50909.1956521739,187865.652173913,115246.913043478,2026516.84782609,1,0.99985434464725,0.99985434464725,"v5.2","fc5f1b1b-2aeb-4e09-93fc-06fdac0d8030","1020418a-3eeb-4251-88f7-150c8fe00a56",4,4,5,5,0.870967741935484,62,54,88
"College / Statistics and Data Science (ABC)",5,"15386729-e035-4922-b941-2bb8b3eb70f0",0,394941.633333333,58030.7666666667,0,0,949312.966666667,1,0.867830256233364,0.867830256233364,"v5.0","94a809a9-a0ef-4c47-8d96-3a5ad76f674b","8589cd83-192c-44c8-b649-cd848e519530",3,3,3,3,0.422535211267606,71,30,115
"College / Statistics and Data Science (ABC)",5,"16ce31ff-ab83-4080-a785-67b2bf8ae86d",0,341485.5,468493.25,0,0,0,NA,NA,NA,"v5.0","94a809a9-a0ef-4c47-8d96-3a5ad76f674b","b1421b49-4026-4c61-9786-d4ef110c8db3",3,2,4,4,0.290322580645161,31,9,55
"College / Statistics and Data Science (ABC)",5,"175dc771-9442-4269-9507-9066fa4650cc",0,241094.181818182,109135.363636364,357987.363636364,72710.5,5306101.04545455,1,0.211538641599785,0.211538641599785,"v5.2","292cff87-3c74-4e94-8622-233afb0427dd","cc1ffb2e-5555-4109-8ad8-2d49cb54ad10",4,4,5,4,0.555555555555556,81,45,189
"College / Statistics and Data Science (ABC)",5,"188d45ee-832d-40a6-bd57-05e97d88e631",0,174420.416666667,29455.25,0,173844.916666667,221424.125,NA,NA,NA,"v5.0","94a809a9-a0ef-4c47-8d96-3a5ad76f674b","98119d92-8cc6-416a-972c-630351726223",2,2,2,2,0.446153846153846,65,29,95
"College / Statistics and Data Science (ABC)",5,"198a38f3-1cf8-4d24-af3d-30417f8adad6",0,469669.875,124076.375,0,44931.375,0,NA,NA,NA,"v5.0","97aebe75-a051-4bff-a2c0-1d53eb5d9498","79662249-02f6-48d8-aa99-1e1c0aeea77d",3,4,4,4,0.892857142857143,28,25,49
"College / Statistics and Data Science (ABC)",5,"1acec420-e195-4556-b6c8-a424596b23e2",0,262205.666666667,88849.875,0,23716.5833333333,439604.916666667,NA,NA,NA,"v5.0","292cff87-3c74-4e94-8622-233afb0427dd","51711479-441b-4c02-aef7-517aca63a53f",2,5,5,6,0.80327868852459,61,49,86
"College / Statistics and Data Science (ABC)",5,"1ded6d19-2b2d-4955-abaa-22d1ff8bd64f",2.70967741935484,410325.193548387,46575.064516129,0,50378.7741935484,1520920.35483871,NA,NA,NA,"v5.0-exp1","292cff87-3c74-4e94-8622-233afb0427dd","074123e7-cd90-4500-86fe-286aaa733bf5",3,4,5,5,0.59375,64,38,93
"College / Statistics and Data Science (ABC)",5,"20d2c34d-4b13-4192-b98d-60166d36fddf",0,316708.833333333,94883.4375,0,83591.0416666667,534706.541666667,NA,NA,NA,"v5.2","fc5f1b1b-2aeb-4e09-93fc-06fdac0d8030","1020418a-3eeb-4251-88f7-150c8fe00a56",4,3,5,5,0.603174603174603,63,38,89
"College / Statistics and Data Science (ABC)",5,"21021cae-d56f-4842-8cb3-9bf2c6ee5605",0,287840.692307692,144968.923076923,0,66821.8461538462,414187.230769231,NA,NA,NA,"v5.0","364da48a-e0b2-4507-bc31-e7761fe16e95","60e05fa5-c986-4973-9833-16238720b727",5,5,5,5,0.739130434782609,69,51,110
"College / Statistics and Data Science (ABC)",5,"21845586-ddf6-41ce-ae8a-e7f8083e0493",0.313253012048193,160808.350649351,38072.1168831169,89309.5714285714,80303.0519480519,1730948.81818182,NA,NA,NA,"v5.0-exp1","292cff87-3c74-4e94-8622-233afb0427dd","074123e7-cd90-4500-86fe-286aaa733bf5",2,4,5,5,0.777777777777778,63,49,91
"College / Statistics and Data Science (ABC)",5,"236c40f9-cdce-49fb-92e1-7221d7308003",0,204129.307692308,46035.8269230769,363351.538461538,123975.769230769,2903868.86538462,NA,NA,NA,"v5.2","fc5f1b1b-2aeb-4e09-93fc-06fdac0d8030","1020418a-3eeb-4251-88f7-150c8fe00a56",4,5,NA,5,0.916666666666667,60,55,83
"College / Statistics and Data Science (ABC)",5,"2adc3510-b0ae-4949-9af6-a7b2dbff73ca",0,92743.1481481481,0,0,42825.2592592593,1633355.85185185,NA,NA,NA,"v5.0","94a809a9-a0ef-4c47-8d96-3a5ad76f674b","98119d92-8cc6-416a-972c-630351726223",1,1,1,1,0.338461538461538,65,22,95
"College / Statistics and Data Science (ABC)",5,"2b52c7c7-844f-4e84-9007-203a1b72e96b",0,197793.652173913,121273.260869565,0,136266.434782609,3098097.08695652,NA,NA,NA,"v5.0-exp1","292cff87-3c74-4e94-8622-233afb0427dd","074123e7-cd90-4500-86fe-286aaa733bf5",1,5,3,3,0.666666666666667,66,44,97
"College / Statistics and Data Science (ABC)",5,"2e7968fe-6970-4a4e-b800-0d38c88ae8e3",0,222757.055555556,146285.833333333,0,55824,93445.1666666667,NA,NA,NA,"v5.2","292cff87-3c74-4e94-8622-233afb0427dd","cc1ffb2e-5555-4109-8ad8-2d49cb54ad10",3,4,4,4,0.852459016393443,61,52,85
"College / Statistics and Data Science (ABC)",5,"2eac3fe9-ff5f-405a-90ed-a3b959949151",1.23076923076923,384304.516129032,351830.370967742,33382.9677419355,175791.629032258,2403359.46774194,2,0.0287175548722338,0.0287175548722338,"v5.0","94a809a9-a0ef-4c47-8d96-3a5ad76f674b","686478e7-82ac-4e6c-a3ec-2da0076ef868",3,5,5,4,0.409638554216867,83,34,159
"College / Statistics and Data Science (ABC)",5,"2ec781e1-67c7-4f28-bc26-1aa46bd20f08",0,345129.904761905,171894.476190476,57109.1904761905,24851.2380952381,768985.238095238,NA,NA,NA,"v5.0","364da48a-e0b2-4507-bc31-e7761fe16e95","52619962-72f6-4716-9c64-1c06fe10f739",4,4,4,4,0.387096774193548,62,24,88
"College / Statistics and Data Science (ABC)",5,"32a0c3c0-41bf-4fcd-8668-3071bd775366",0,346064.095238095,94611.4285714286,641584.571428571,199972.047619048,1664473.28571429,1,0.966846101346004,0.966846101346004,"v5.0","f17495c5-e105-492d-878a-07a03ea3f805","0089dedf-6316-4c32-a38c-d48dfafed882",2,5,4,5,0.707692307692308,65,46,97
"College / Statistics and Data Science (ABC)",5,"3817a4ed-287f-449c-a2f4-dba0b9fa1d9e",0,401244.4,338104,0,162159.8,1518892.4,NA,NA,NA,"v5.0","97aebe75-a051-4bff-a2c0-1d53eb5d9498","c7008a64-b43c-4eb4-bebf-07b08b9894ad",3,5,5,5,0.233766233766234,77,18,133
"College / Statistics and Data Science (ABC)",5,"39294026-ddd1-4223-b5f9-8bc3bdccac20",0,462697,133011.25,0,58066.05,423232.5,1,0.999841419630114,0.999841419630114,"v5.0-exp1","292cff87-3c74-4e94-8622-233afb0427dd","074123e7-cd90-4500-86fe-286aaa733bf5",3,4,3,3,0.838709677419355,62,52,88
"College / Statistics and Data Science (ABC)",5,"3973b992-231b-43a0-9714-b99ab8746bd1",0,638296.761904762,200296.904761905,375070.619047619,114633.571428571,1757532.38095238,1.5,0.547147066655911,0.629537270539531,"v5.0","94a809a9-a0ef-4c47-8d96-3a5ad76f674b","7a987176-7e55-45b5-a715-7f56c59d5f49",2,2,3,1,0.643835616438356,73,47,120
"College / Statistics and Data Science (ABC)",5,"3a38e166-0ef2-4df3-831a-28c0135244e2",0,322846.866666667,48239.6666666667,0,2225.13333333333,0,NA,NA,NA,"v5.0","292cff87-3c74-4e94-8622-233afb0427dd","51711479-441b-4c02-aef7-517aca63a53f",1,5,5,6,0.80952380952381,63,51,90
"College / Statistics and Data Science (ABC)",5,"41298b0f-7dd7-454f-b70d-0158babac7c1",0,375060.25,0,0,49439.5,572338.5,NA,NA,NA,"v5.0","97aebe75-a051-4bff-a2c0-1d53eb5d9498","c7008a64-b43c-4eb4-bebf-07b08b9894ad",4,4,4,4,0.37037037037037,27,10,50
"College / Statistics and Data Science (ABC)",5,"4215e6c8-a500-4c45-94f0-3c6d60134908",0,322337.936170213,59816.7234042553,24450.8085106383,159375.765957447,1735200.55319149,NA,NA,NA,"v5.0-exp1","292cff87-3c74-4e94-8622-233afb0427dd","074123e7-cd90-4500-86fe-286aaa733bf5",3,4,4,4,0.765625,64,49,92
"College / Statistics and Data Science (ABC)",5,"43d7e2c8-3067-481e-9fec-4a39e09dc09e",0,984791.214285714,352494.178571429,32316.1785714286,63584.5,705964.571428571,1,0.999841419630114,0.999841419630114,"v5.0-exp1","292cff87-3c74-4e94-8622-233afb0427dd","074123e7-cd90-4500-86fe-286aaa733bf5",3,4,5,4,0.555555555555556,81,45,212
"College / Statistics and Data Science (ABC)",5,"45a6b32e-d1d3-415b-8c8b-1fa5edb165f0",0,200982.333333333,58921.8095238095,45430.5714285714,19405.7619047619,47148.2857142857,1,0.0153661029778596,0.0153661029778596,"v5.2","292cff87-3c74-4e94-8622-233afb0427dd","cc1ffb2e-5555-4109-8ad8-2d49cb54ad10",2,5,5,5,0.657142857142857,70,46,112
"College / Statistics and Data Science (ABC)",5,"479eb527-639b-45b6-8ec8-504a56d7d51a",0,224167.315789474,0,0,32423.5789473684,209057.736842105,NA,NA,NA,"v5.0","94a809a9-a0ef-4c47-8d96-3a5ad76f674b","98119d92-8cc6-416a-972c-630351726223",4,4,4,5,0.404761904761905,42,17,65
"College / Statistics and Data Science (ABC)",5,"4a31f6e9-8f0a-4032-bc80-81192396eb65",0,366215.090909091,242861.954545455,65173.9545454545,217756,2775259.5,NA,NA,NA,"v5.2","292cff87-3c74-4e94-8622-233afb0427dd","cc1ffb2e-5555-4109-8ad8-2d49cb54ad10",6,6,6,6,0.784615384615385,65,51,94
"College / Statistics and Data Science (ABC)",5,"4a748280-132e-4c66-8ec6-c5ed052c3f8d",0,216176.4,225654.1,0,61354.35,317064.05,1,0.999841419630114,0.999841419630114,"v5.0","97aebe75-a051-4bff-a2c0-1d53eb5d9498","40e49bfa-f6cb-42fa-a3a4-b23592b799ec",3,5,5,5,0.3125,64,20,102
"College / Statistics and Data Science (ABC)",5,"4b52e603-0b9d-47b9-b773-6c72a124d3ed",0,283651.272727273,101592.318181818,45583.2272727273,27571.5,2685712.36363636,NA,NA,NA,"v5.0","364da48a-e0b2-4507-bc31-e7761fe16e95","60e05fa5-c986-4973-9833-16238720b727",2,4,4,4,0.705882352941177,51,36,81
"College / Statistics and Data Science (ABC)",5,"4bba8ed7-c2ef-4c14-bf3e-002ecb658f38",0,384248.32,174715.16,96135.24,115948.56,338980.96,NA,NA,NA,"v5.0","364da48a-e0b2-4507-bc31-e7761fe16e95","60e05fa5-c986-4973-9833-16238720b727",4,4,1,3,0.755555555555556,45,34,54
"College / Statistics and Data Science (ABC)",5,"4c647bf3-034a-4392-bd99-ce89315a4ec5",0,204285,183050.6,0,12088.4,2495639.3,NA,NA,NA,"v5.0","94a809a9-a0ef-4c47-8d96-3a5ad76f674b","103f5ce8-9e95-4916-815e-9f821d274a59",4,5,5,5,0.555555555555556,18,10,22
"College / Statistics and Data Science (ABC)",5,"4f025cde-00fb-4c70-907f-5106446d9b5b",0,436912.5,178204.928571429,0,193947.857142857,85286.7142857143,NA,NA,NA,"v5.0-exp1","292cff87-3c74-4e94-8622-233afb0427dd","074123e7-cd90-4500-86fe-286aaa733bf5",5,2,4,3,0.579710144927536,69,40,109
"College / Statistics and Data Science (ABC)",5,"4f641e9f-c36e-4afa-9043-3e5ab287201c",0.361111111111111,400227.166666667,195143.305555556,118214.916666667,189774.444444444,1982215.5,1,0.894829562084112,0.894829562084112,"v5.0-exp1","292cff87-3c74-4e94-8622-233afb0427dd","074123e7-cd90-4500-86fe-286aaa733bf5",5,4,4,4,0.728571428571429,70,51,114
"College / Statistics and Data Science (ABC)",5,"52748e18-912e-4333-a972-7df6729bfeeb",0,286772.25,25116.3333333333,117251.375,14592.4583333333,0,NA,NA,NA,"v5.2","364da48a-e0b2-4507-bc31-e7761fe16e95","822d72d9-0c18-47a0-99fc-7223b4fd22f5",3,3,4,3,0.53448275862069,58,31,76
"College / Statistics and Data Science (ABC)",5,"54dcc1b6-74a9-48d4-9658-a276c93bb401",0,181718.8,52743.2,0,125520.4,0,NA,NA,NA,"v5.2","292cff87-3c74-4e94-8622-233afb0427dd","cc1ffb2e-5555-4109-8ad8-2d49cb54ad10",2,5,4,3,0.603174603174603,63,38,90
"College / Statistics and Data Science (ABC)",5,"54e79dbd-94ae-417f-8487-2a5c8d7e730d",0.290322580645161,144659.9,12003.5333333333,0,4691.93333333333,747950.9,NA,NA,NA,"v5.0","97aebe75-a051-4bff-a2c0-1d53eb5d9498","c7008a64-b43c-4eb4-bebf-07b08b9894ad",2,4,3,4,0.391304347826087,69,27,108
"College / Statistics and Data Science (ABC)",5,"57d6907f-63d8-4900-a571-bc90456cd1d8",0,194749.176470588,10668,0,74.7058823529412,0,NA,NA,NA,"v5.0","97aebe75-a051-4bff-a2c0-1d53eb5d9498","79662249-02f6-48d8-aa99-1e1c0aeea77d",3,4,4,4,0.721311475409836,61,44,86
"College / Statistics and Data Science (ABC)",5,"5e037301-b06b-4b91-896b-fa411d055f7e",0,160112.695652174,23677.8260869565,0,24421.2173913043,79771.3913043478,NA,NA,NA,"v5.0","292cff87-3c74-4e94-8622-233afb0427dd","51711479-441b-4c02-aef7-517aca63a53f",4,4,4,4,0.476190476190476,63,30,91
"College / Statistics and Data Science (ABC)",5,"6283ab65-ed00-401a-b069-4fc094184c8f",0,127193.227272727,8576.45454545455,0,26782.7272727273,1639968.22727273,NA,NA,NA,"v5.2","292cff87-3c74-4e94-8622-233afb0427dd","cc1ffb2e-5555-4109-8ad8-2d49cb54ad10",3,4,4,4,0.693548387096774,62,43,87
"College / Statistics and Data Science (ABC)",5,"64de2798-5534-4ef8-8254-6d3bcf8d2008",0,300763.548387097,128612.193548387,291762.419354839,79078.064516129,1551018.22580645,1,0.539001673583815,0.539001673583815,"v5.2","292cff87-3c74-4e94-8622-233afb0427dd","cc1ffb2e-5555-4109-8ad8-2d49cb54ad10",3,2,4,5,0.636363636363636,66,42,98
"College / Statistics and Data Science (ABC)",5,"6bf771cc-98d9-4d66-9e95-3d5d794088e9",0,349150.722222222,22766.6111111111,91534.6666666667,92954.5555555556,97337,2,0.99985434464725,1.01508886786286,"v5.0","97aebe75-a051-4bff-a2c0-1d53eb5d9498","79662249-02f6-48d8-aa99-1e1c0aeea77d",1,6,6,6,0.866666666666667,30,26,54
"College / Statistics and Data Science (ABC)",5,"72419be6-b3b7-4ceb-8361-ad1cc116eb98",0,357454.458333333,127465.208333333,48038.2916666667,25023.7916666667,1302053.29166667,NA,NA,NA,"v5.0","94a809a9-a0ef-4c47-8d96-3a5ad76f674b","552ede8f-6b54-426d-8d29-abdc43a668cb",3,4,5,5,0.704545454545455,44,31,67
"College / Statistics and Data Science (ABC)",5,"7258a4d9-3c15-49e0-a185-713f9f04510a",2.8030303030303,313804.833333333,58547.9696969697,18153.3787878788,186136.03030303,2941020.24242424,1.5,0.99988104999616,1.49980175981122,"v5.0-exp1","292cff87-3c74-4e94-8622-233afb0427dd","074123e7-cd90-4500-86fe-286aaa733bf5",4,4,5,5,0.863013698630137,73,63,111
"College / Statistics and Data Science (ABC)",5,"78ccab12-8733-4772-a2e0-17c7e68a69d6",0,185747.111111111,0,0,39285.2777777778,89609.1111111111,NA,NA,NA,"v5.0-exp1","292cff87-3c74-4e94-8622-233afb0427dd","074123e7-cd90-4500-86fe-286aaa733bf5",1,5,5,5,0.737704918032787,61,45,86
"College / Statistics and Data Science (ABC)",5,"7a6bb46d-853d-4a49-ad6d-be434d9e8214",0,280741.428571429,0,0,57384.380952381,62573.380952381,NA,NA,NA,"v5.0","94a809a9-a0ef-4c47-8d96-3a5ad76f674b","8589cd83-192c-44c8-b649-cd848e519530",2,5,5,5,0.85,60,51,84
"College / Statistics and Data Science (ABC)",5,"7b7a965e-de91-4b5c-b202-13708736c164",0,246033.571428571,303001.571428571,0,121357.238095238,126633.047619048,NA,NA,NA,"v5.0","94a809a9-a0ef-4c47-8d96-3a5ad76f674b","98119d92-8cc6-416a-972c-630351726223",3,4,5,5,0.647058823529412,17,11,31
"College / Statistics and Data Science (ABC)",5,"8380ec3e-2ae9-4551-b44a-376b5b79929b",1.56,317166.489795918,214787.469387755,0,162425.183673469,1917931.7755102,1,1,1.00004956505576,"v5.0-exp1","292cff87-3c74-4e94-8622-233afb0427dd","074123e7-cd90-4500-86fe-286aaa733bf5",4,5,5,5,0.333333333333333,87,29,184
"College / Statistics and Data Science (ABC)",5,"8476c87b-dc78-41cc-beb0-0d278e230671",0.137931034482759,631488.896551724,208259.896551724,0,240816.931034483,6623132.5862069,1,0.954762812724104,0.954762812724104,"v5.0-exp1","292cff87-3c74-4e94-8622-233afb0427dd","074123e7-cd90-4500-86fe-286aaa733bf5",3,6,5,6,0.819672131147541,61,50,86
"College / Statistics and Data Science (ABC)",5,"8746989a-5b4f-454d-a185-7fb0b9411e3f",0,503768.193548387,65244.9032258065,0,19105.5161290323,254996.290322581,1,0.999920680362206,0.999920680362206,"v5.2","292cff87-3c74-4e94-8622-233afb0427dd","cc1ffb2e-5555-4109-8ad8-2d49cb54ad10",5,5,5,5,0.734177215189873,79,58,158
"College / Statistics and Data Science (ABC)",5,"87a2846c-5ad1-4ac1-ad40-46cf881fb13e",0,291457.818181818,229624.545454545,60275.5,59772.3636363636,553636.181818182,NA,NA,NA,"v5.0","97aebe75-a051-4bff-a2c0-1d53eb5d9498","c7008a64-b43c-4eb4-bebf-07b08b9894ad",3,4,5,5,0.623376623376623,77,48,130
"College / Statistics and Data Science (ABC)",5,"8f3faf8d-8c56-4587-81c4-d6eb2cc5a4c7",0,265099.041666667,22585.2916666667,0,159143.166666667,0,NA,NA,NA,"v5.0","364da48a-e0b2-4507-bc31-e7761fe16e95","60e05fa5-c986-4973-9833-16238720b727",2,4,4,4,0.7375,80,59,151
"College / Statistics and Data Science (ABC)",5,"8f607314-e790-4df8-a82f-3a618bea07bd",0.4375,212209.810126582,39481.9873417722,0,176753.253164557,514744.620253165,1,0.636684845774054,0.636684845774054,"v5.0","f17495c5-e105-492d-878a-07a03ea3f805","0089dedf-6316-4c32-a38c-d48dfafed882",3,3,4,4,0.6,65,39,95
"College / Statistics and Data Science (ABC)",5,"91d84b86-36b4-4bba-8cb2-b70e2c39aa6a",0,462052.9375,256718.6875,118635.6875,86263.9375,2623926.3125,NA,NA,NA,"v5.0-exp1","292cff87-3c74-4e94-8622-233afb0427dd","074123e7-cd90-4500-86fe-286aaa733bf5",3,4,4,4,0.774193548387097,62,48,88
"College / Statistics and Data Science (ABC)",5,"92ea331a-ce01-4d9c-ab8b-6ca9f089b6ac",0,568380.857142857,220606.285714286,0,96410.7142857143,0,NA,NA,NA,"v5.0","97aebe75-a051-4bff-a2c0-1d53eb5d9498","79662249-02f6-48d8-aa99-1e1c0aeea77d",4,2,4,4,0.7,10,7,27
"College / Statistics and Data Science (ABC)",5,"953768c5-32fa-4190-8fee-1da82d8710bc",0,339402.261904762,173983.238095238,0,0,0,NA,NA,NA,"v5.0","04157183-8665-400a-925d-3bbb70ffe45e","afcb6b4e-a0c0-46ce-b38c-c96329c91471",2,5,6,6,0.709677419354839,62,44,88
"College / Statistics and Data Science (ABC)",5,"988aaef5-55d8-4efd-a2aa-8a17e687965e",0,144646.8,14032.45,0,83597.75,1508237.25,NA,NA,NA,"v5.0","04157183-8665-400a-925d-3bbb70ffe45e","afcb6b4e-a0c0-46ce-b38c-c96329c91471",1,5,5,5,0.765625,64,49,92
"College / Statistics and Data Science (ABC)",5,"9964e63b-8515-4c8d-8e0f-b3d0a58b0e96",0.545454545454545,273897.303030303,22640.0303030303,195203.878787879,42416.2424242424,1455310.63636364,NA,NA,NA,"v5.0-exp1","292cff87-3c74-4e94-8622-233afb0427dd","074123e7-cd90-4500-86fe-286aaa733bf5",2,4,4,5,0.71875,64,46,93
"College / Statistics and Data Science (ABC)",5,"99d7589c-83a6-4b51-8191-30323f8f544c",0.48,363634.166666667,30937.25,0,103024.083333333,720296.25,NA,NA,NA,"v5.0-exp1","292cff87-3c74-4e94-8622-233afb0427dd","074123e7-cd90-4500-86fe-286aaa733bf5",3,4,4,4,0.709677419354839,62,44,88
"College / Statistics and Data Science (ABC)",5,"99dc401b-87b4-4bca-a87d-9f9049672d0e",0,288966.820512821,145307.435897436,0,201205.41025641,1819336.33333333,NA,NA,NA,"v5.0","94a809a9-a0ef-4c47-8d96-3a5ad76f674b","bcae937d-c95f-436c-ac0f-d4a5e995de19",3,6,6,6,0.7,30,21,55
"College / Statistics and Data Science (ABC)",5,"9aa3aa85-eddd-4032-b7aa-5aa2c0e2f2fb",0,291366.433962264,110392.867924528,48064.9811320755,235213.094339623,3475471,NA,NA,NA,"v5.0","f17495c5-e105-492d-878a-07a03ea3f805","0089dedf-6316-4c32-a38c-d48dfafed882",4,2,4,5,0.71875,64,46,95
"College / Statistics and Data Science (ABC)",5,"9bc5dcd2-8f6b-4d70-918e-ad5d0f795ce6",0,339020.722222222,653272.472222222,410039.444444444,65069.0277777778,4824673.05555556,1,0.999927172323625,1.00000097213912,"v5.0","94a809a9-a0ef-4c47-8d96-3a5ad76f674b","686478e7-82ac-4e6c-a3ec-2da0076ef868",4,4,4,4,0.725806451612903,62,45,88
"College / Statistics and Data Science (ABC)",5,"9cba7a76-428f-45f6-aa2f-2c2e6fd5d342",1.16666666666667,457022.888888889,78436,53986.7222222222,252438.277777778,3048239.88888889,NA,NA,NA,"v5.0-exp1","292cff87-3c74-4e94-8622-233afb0427dd","074123e7-cd90-4500-86fe-286aaa733bf5",4,4,4,4,0.868852459016393,61,53,86
"College / Statistics and Data Science (ABC)",5,"9e8c9433-b709-44f8-90e0-52e5889f778e",0.133333333333333,322207.366666667,97396.5333333333,40536.6333333333,219606.133333333,3146135.13333333,1,0.320719718587848,0.320719718587848,"v5.0-exp1","292cff87-3c74-4e94-8622-233afb0427dd","074123e7-cd90-4500-86fe-286aaa733bf5",5,4,5,5,0.609195402298851,87,53,187
"College / Statistics and Data Science (ABC)",5,"a06314f1-64f4-433d-984c-c0a614187ca1",0.230769230769231,439806.269230769,183469.769230769,1642500.46153846,80252.9615384615,534583.961538462,1,0.99988104999616,0.99988104999616,"v5.2","292cff87-3c74-4e94-8622-233afb0427dd","cc1ffb2e-5555-4109-8ad8-2d49cb54ad10",2,4,5,5,0.854838709677419,62,53,87
"College / Statistics and Data Science (ABC)",5,"a21ac54a-e190-486c-b805-c83b89589f2a",0,124842.8,72135.7666666667,0,163104.6,271261.433333333,1,0.233792076742388,0.233792076742388,"v5.2","292cff87-3c74-4e94-8622-233afb0427dd","cc1ffb2e-5555-4109-8ad8-2d49cb54ad10",3,5,5,5,0.901639344262295,61,55,85
"College / Statistics and Data Science (ABC)",5,"a446e23a-ace7-4cb4-b630-9f50a52248fe",0,168413.9375,58182.375,0,74197.4791666667,1231293.77083333,NA,NA,NA,"v5.0-exp1","292cff87-3c74-4e94-8622-233afb0427dd","074123e7-cd90-4500-86fe-286aaa733bf5",3,3,3,3,0.53968253968254,63,34,90
"College / Statistics and Data Science (ABC)",5,"a82791eb-61d5-4496-a7b8-d8112e081649",0,229237.88,12134.16,0,97.84,344225.28,NA,NA,NA,"v5.0-exp1","292cff87-3c74-4e94-8622-233afb0427dd","074123e7-cd90-4500-86fe-286aaa733bf5",1,6,6,6,0.523809523809524,63,33,90
"College / Statistics and Data Science (ABC)",5,"a84ff79f-209e-409e-b5c8-e272b6f5ac74",0,169844.212765957,29543.829787234,0,12593.7446808511,990741.680851064,NA,NA,NA,"v5.0-exp1","292cff87-3c74-4e94-8622-233afb0427dd","074123e7-cd90-4500-86fe-286aaa733bf5",2,5,5,5,0.734375,64,47,93
"College / Statistics and Data Science (ABC)",5,"ac13b578-75c4-41fe-9df7-31b1d89398fb",0,54890.6116504854,13694.3106796116,0,9208.97087378641,403725.184466019,NA,NA,NA,"v5.0","94a809a9-a0ef-4c47-8d96-3a5ad76f674b","7a987176-7e55-45b5-a715-7f56c59d5f49",3,3,3,3,0.41025641025641,78,32,137
"College / Statistics and Data Science (ABC)",5,"ade53c84-f641-46a7-8789-8ffaf230bd25",0,525102.294117647,368904.882352941,79418.6470588235,346443.294117647,6768983.64705882,NA,NA,NA,"v5.0-exp1","292cff87-3c74-4e94-8622-233afb0427dd","074123e7-cd90-4500-86fe-286aaa733bf5",4,5,5,5,0.73015873015873,63,46,90
"College / Statistics and Data Science (ABC)",5,"af8dd73a-716a-4902-bc01-88e8e00df672",0,219883.166666667,50358.8333333333,0,323093.5,1057518,NA,NA,NA,"v5.0","94a809a9-a0ef-4c47-8d96-3a5ad76f674b","bcae937d-c95f-436c-ac0f-d4a5e995de19",5,4,6,3,0.387096774193548,62,24,89
"College / Statistics and Data Science (ABC)",5,"b0966f14-dab9-4592-9d64-81bb9a34d0ea",0,175778.529411765,178471.588235294,0,5906.52941176471,203284.764705882,1,0.0120953295968126,0.0120953295968126,"v5.2","292cff87-3c74-4e94-8622-233afb0427dd","cc1ffb2e-5555-4109-8ad8-2d49cb54ad10",3,4,4,4,0.483333333333333,60,29,83
"College / Statistics and Data Science (ABC)",5,"b1eb6772-de59-4d15-a2b6-520b1f010f82",0,401382.333333333,330361.666666667,0,114833,0,NA,NA,NA,"v5.0","94a809a9-a0ef-4c47-8d96-3a5ad76f674b","b1421b49-4026-4c61-9786-d4ef110c8db3",2,5,5,5,0.4,30,12,52
"College / Statistics and Data Science (ABC)",5,"b5018344-94aa-47c1-931e-0bbe779d10c8",0,379963.84,141237.24,54630.32,108349.52,1607134.96,1,0.00728606607725553,0.00728606607725553,"v5.0","97aebe75-a051-4bff-a2c0-1d53eb5d9498","3631cec9-51d3-4237-906f-a142a715be51",1,6,5,6,0.738461538461539,65,48,95
"College / Statistics and Data Science (ABC)",5,"b8590b9f-c0d9-4038-8cb2-b05b92bd478e",0.102564102564103,254647.677419355,80162.5161290323,0,321481.032258065,2747354.25806452,NA,NA,NA,"v5.0","97aebe75-a051-4bff-a2c0-1d53eb5d9498","79662249-02f6-48d8-aa99-1e1c0aeea77d",3,2,4,4,0.648648648648649,37,24,71
"College / Statistics and Data Science (ABC)",5,"b8b53c0a-ca6b-4aa0-8ad9-f6be31b7b103",0,371162.238095238,355839.380952381,47004.7619047619,17523.7142857143,2311179,1,0.617822739324182,0.617822739324182,"v5.2","292cff87-3c74-4e94-8622-233afb0427dd","cc1ffb2e-5555-4109-8ad8-2d49cb54ad10",3,5,5,5,0.786885245901639,61,48,85
"College / Statistics and Data Science (ABC)",5,"c0a54432-3243-455e-8daa-7d59680ef098",0,231869,83488.6,76520.32,63569.72,1491310.6,1,0.999841419630114,0.999841419630114,"v5.2","292cff87-3c74-4e94-8622-233afb0427dd","cc1ffb2e-5555-4109-8ad8-2d49cb54ad10",2,4,4,4,0.636363636363636,66,42,97
"College / Statistics and Data Science (ABC)",5,"c0ae4eda-7838-48f7-bafb-9c7a56992453",0,399136.416666667,156742.25,865206.833333333,84423.5,1436507.45833333,1,0.99985434464725,0.99985434464725,"v5.0","94a809a9-a0ef-4c47-8d96-3a5ad76f674b","bcae937d-c95f-436c-ac0f-d4a5e995de19",4,3,3,3,0.5,68,34,106
"College / Statistics and Data Science (ABC)",5,"c26105d2-1433-497f-9d5d-f4bdb203e8d8",0,214872.962264151,318659.79245283,385405.547169811,77641.9433962264,1169848.49056604,1,0.00506308346998744,0.00506308346998744,"v5.2","292cff87-3c74-4e94-8622-233afb0427dd","cc1ffb2e-5555-4109-8ad8-2d49cb54ad10",1,5,6,6,0.774193548387097,62,48,87
"College / Statistics and Data Science (ABC)",5,"c532035b-8ce2-4b99-aa9e-2f049d8d6fe7",0,223399.485714286,7509.68571428571,0,32006.7142857143,2058047.68571429,1,0.0389327698695684,0.0389327698695684,"v5.2","292cff87-3c74-4e94-8622-233afb0427dd","cc1ffb2e-5555-4109-8ad8-2d49cb54ad10",2,5,6,6,0.770491803278688,61,47,85
"College / Statistics and Data Science (ABC)",5,"c8490b35-10c6-4655-a810-2a7c023e8dfa",0.585365853658537,327366.789473684,50748.4736842105,1084448.92105263,89957.7894736842,1445602.81578947,NA,NA,NA,"v5.0-exp1","292cff87-3c74-4e94-8622-233afb0427dd","074123e7-cd90-4500-86fe-286aaa733bf5",2,4,5,5,0.444444444444444,63,28,90
"College / Statistics and Data Science (ABC)",5,"ca1fb910-04e1-40ba-8bbd-b414ce3db86b",0,126921.436363636,44190.4181818182,0,92387.1272727273,2260900.14545455,NA,NA,NA,"v5.0","94a809a9-a0ef-4c47-8d96-3a5ad76f674b","8589cd83-192c-44c8-b649-cd848e519530",3,3,3,3,0.439393939393939,66,29,99
"College / Statistics and Data Science (ABC)",5,"d92a6267-7fbb-4b28-846c-8f32228c5e0d",0.2,485671.15,205699.2,57713.95,77987.1,723385.75,NA,NA,NA,"v5.0-exp1","292cff87-3c74-4e94-8622-233afb0427dd","074123e7-cd90-4500-86fe-286aaa733bf5",2,5,5,5,0.754098360655738,61,46,86
"College / Statistics and Data Science (ABC)",5,"de0b62ec-112f-45d0-a179-12425c433a34",0,86459.0277777778,69245.6666666667,0,62163.25,0,NA,NA,NA,"v5.0-exp1","292cff87-3c74-4e94-8622-233afb0427dd","074123e7-cd90-4500-86fe-286aaa733bf5",3,4,3,3,0.825396825396825,63,52,91
"College / Statistics and Data Science (ABC)",5,"dec5f39b-417c-425e-a9a4-b884d2ecf9df",0,109876.611111111,0,0,43908.3888888889,580539.944444444,1,0.450626895516175,0.450626895516175,"v5.0","364da48a-e0b2-4507-bc31-e7761fe16e95","4a3b5b2c-ef0f-4121-96f4-fd8a42764836",4,4,6,6,0.302325581395349,43,13,66
"College / Statistics and Data Science (ABC)",5,"e11a5b5c-08d3-423b-b209-fcb1cc7e08e6",0,541182.303030303,274161.121212121,88477.3636363636,104828.818181818,1645961.36363636,1,0.999841419630114,0.999841419630114,"v5.0","364da48a-e0b2-4507-bc31-e7761fe16e95","52619962-72f6-4716-9c64-1c06fe10f739",1,5,5,5,0.318181818181818,66,21,97
"College / Statistics and Data Science (ABC)",5,"e58e50e9-32aa-4d7b-977c-da82672bb770",0,138045.517241379,156214.482758621,56325.1034482759,100337.413793103,1080807.93103448,NA,NA,NA,"v5.0","364da48a-e0b2-4507-bc31-e7761fe16e95","52619962-72f6-4716-9c64-1c06fe10f739",3,4,5,4,0.3125,64,20,92
"College / Statistics and Data Science (ABC)",5,"e6cbdadb-c6f7-4b7f-b03b-9ddfb5aedf1e",0,220558.055555556,109365,83103.5555555556,83284.5555555556,1818041.88888889,NA,NA,NA,"v5.2","292cff87-3c74-4e94-8622-233afb0427dd","cc1ffb2e-5555-4109-8ad8-2d49cb54ad10",2,6,6,6,0.432835820895522,67,29,100
"College / Statistics and Data Science (ABC)",5,"ef0ecb24-ca4c-4c43-94fc-4b9a15f38042",0,186651.611111111,212451.222222222,101403.861111111,110530.986111111,802434.277777778,1,0.114501769936699,0.114501769936699,"v5.2","292cff87-3c74-4e94-8622-233afb0427dd","cc1ffb2e-5555-4109-8ad8-2d49cb54ad10",3,4,4,4,0.491803278688525,61,30,85
"College / Statistics and Data Science (ABC)",5,"f03fcac7-b005-4ba0-952e-b8616cbaa093",0,187203.575,84396.975,0,71130.575,235394,NA,NA,NA,"v5.0","94a809a9-a0ef-4c47-8d96-3a5ad76f674b","94da41a4-f9f8-4225-bf41-42db737850b9",3,3,4,4,0.75,60,45,84
"College / Statistics and Data Science (ABC)",5,"f1733a31-055f-4c38-92c1-3f294ba94c35",0,236780,171420.818181818,116927.227272727,180567.931818182,483551.840909091,NA,NA,NA,"v5.0-exp1","292cff87-3c74-4e94-8622-233afb0427dd","074123e7-cd90-4500-86fe-286aaa733bf5",3,4,5,5,0.919354838709677,62,57,88
"College / Statistics and Data Science (ABC)",5,"f1df3150-ad4c-480e-b3ef-e3494116401d",0.74,424389.085106383,33011.6382978723,0,62463.9574468085,664039.617021277,1.66666666666667,0.776924072955287,0.842905704430061,"v5.2","292cff87-3c74-4e94-8622-233afb0427dd","cc1ffb2e-5555-4109-8ad8-2d49cb54ad10",4,5,5,5,0.694444444444444,72,50,111
"College / Statistics and Data Science (ABC)",5,"f2a07470-550d-4584-a72f-95643e0d8805",0.0588235294117647,467496.5,224076.323529412,201352.558823529,103009.088235294,5278823.11764706,1,0.0122000516093516,0.0122000516093516,"v5.0-exp1","292cff87-3c74-4e94-8622-233afb0427dd","074123e7-cd90-4500-86fe-286aaa733bf5",4,4,4,4,0.571428571428571,70,40,117
"College / Statistics and Data Science (ABC)",5,"f2eb2e96-b02d-4eb3-9404-343e3f4d9d16",0,364179,34475.1578947368,0,30529.2105263158,72488.3157894737,1,0.999887512504728,0.999887512504728,"v5.0","97aebe75-a051-4bff-a2c0-1d53eb5d9498","3631cec9-51d3-4237-906f-a142a715be51",4,4,5,5,0.477611940298507,67,32,99
"College / Statistics and Data Science (ABC)",5,"fb7c9a8b-7b0c-4907-90c1-3a6e5230b486",0,268832.392857143,100159.535714286,83939.8035714286,74373.8035714286,2483408.66071429,1,0.999844797644357,0.999844797644357,"v5.0-exp1","292cff87-3c74-4e94-8622-233afb0427dd","074123e7-cd90-4500-86fe-286aaa733bf5",1,3,4,5,0.666666666666667,63,42,90
"College / Statistics and Data Science (ABC)",5,"fc61b68e-ee2f-4200-8e91-bb961fc76658",0,322426.351351351,249401.756756757,1043681.62162162,257371.918918919,5429341.75675676,1,0.11643753354866,0.11643753354866,"v5.0","292cff87-3c74-4e94-8622-233afb0427dd","51711479-441b-4c02-aef7-517aca63a53f",3,4,5,5,0.553846153846154,65,36,97
"College / Statistics and Data Science (ABC)",5,"fc8583cc-315d-4240-a516-ab7e4640ccaa",0,412335.727272727,97326.0606060606,0,95887.1515151515,3526826.72727273,NA,NA,NA,"v5.0-exp1","292cff87-3c74-4e94-8622-233afb0427dd","074123e7-cd90-4500-86fe-286aaa733bf5",3,5,5,5,0.734375,64,47,94
"College / Statistics and Data Science (ABC)",5,"fcdfb64b-0dd7-4839-a76d-1bd3d688d5c0",0,227688.666666667,63419.5454545455,0,101656.96969697,1195331.84848485,1,0.983289052378335,0.983289052378335,"v5.2","292cff87-3c74-4e94-8622-233afb0427dd","cc1ffb2e-5555-4109-8ad8-2d49cb54ad10",4,3,4,4,0.783333333333333,60,47,83
"College / Statistics and Data Science (ABC)",5,"fd2a1c41-0bc1-47c6-8ab3-d238a9a648ef",0,247712.4,299792,1485357.6,220842.5,3236790.8,NA,NA,NA,"v5.0","97aebe75-a051-4bff-a2c0-1d53eb5d9498","9fad0c9e-9d3d-4eed-ada6-3959bd6d712c",3,4,4,4,0.378378378378378,74,28,125
"College / Statistics and Data Science (ABC)",5,"fdc4706b-6963-41e4-9a96-ce7b44b2dc46",0,522967.466666667,283662.4,0,201173.466666667,1718446,NA,NA,NA,"v5.0","97aebe75-a051-4bff-a2c0-1d53eb5d9498","40e49bfa-f6cb-42fa-a3a4-b23592b799ec",3,4,4,4,0.516129032258065,31,16,52
"High School / Advanced Statistics and Data Science I (ABC)",4,"288cb6e5-e750-4164-946d-f72bdd63ae74",0,554245.086956522,189787.275362319,38089.7246376812,98702.6666666667,2529926.84057971,1,0,0,"v5.0","94a809a9-a0ef-4c47-8d96-3a5ad76f674b","ec76b77f-7635-4b9d-9975-f28bc334e336",4,2,4,3,0.210762331838565,224,47,2946
"High School / Advanced Statistics and Data Science I (ABC)",4,"2dc53ab2-0169-4c9d-8b09-b9ee5abdcf41",0,424967.636363636,266915.03030303,179876.015151515,187527.803030303,342958.863636364,3,0.937669688553258,1.03011640398906,"v5.0","94a809a9-a0ef-4c47-8d96-3a5ad76f674b","ec76b77f-7635-4b9d-9975-f28bc334e336",3,4,5,5,0.547826086956522,116,63,219
"High School / Advanced Statistics and Data Science I (ABC)",4,"309b4f39-d1a7-4a12-97f8-2c9fa2ad55bd",0,541288.615384615,242076,0,8423.84615384615,4785270.53846154,1,0.00374060915670113,0.00374060915670113,"v5.0","94a809a9-a0ef-4c47-8d96-3a5ad76f674b","ec76b77f-7635-4b9d-9975-f28bc334e336",3,4,5,5,0.258620689655172,59,15,93
"High School / Advanced Statistics and Data Science I (ABC)",4,"358dde6e-b5ae-4fa4-898e-05cfff311129",0,955037.944444444,309275.083333333,242926.027777778,104882.027777778,8164471.27777778,1,0.999777682083384,0.999777682083384,"v5.0","fc5f1b1b-2aeb-4e09-93fc-06fdac0d8030","95370fbf-5008-435f-b801-8214285f251b",2,4,5,5,0.612403100775194,130,79,272
"High School / Advanced Statistics and Data Science I (ABC)",4,"5431687b-78af-4a33-82d2-177263d0812b",0.315789473684211,287371.605263158,22679.3684210526,119259.631578947,194133.605263158,8235610.57894737,1,0.888514098842834,0.888514098842834,"v5.0","94a809a9-a0ef-4c47-8d96-3a5ad76f674b","ec76b77f-7635-4b9d-9975-f28bc334e336",3,5,5,5,0.510869565217391,93,47,214
"High School / Advanced Statistics and Data Science I (ABC)",4,"cdff841b-378d-40e7-a2da-c64c3e967d5e",0,252440.272727273,61560.5454545455,0,95635.2121212121,556096.060606061,1,0.994804987177379,0.994804987177379,"v5.0","94a809a9-a0ef-4c47-8d96-3a5ad76f674b","ec76b77f-7635-4b9d-9975-f28bc334e336",3,3,3,4,0.341463414634146,83,28,152
"High School / Advanced Statistics and Data Science I (ABC)",4,"d47ebe3f-7ca4-4a7c-8e74-ad857af4160d",0,421735.380952381,76133.0952380952,48980.8888888889,126282.46031746,880015.380952381,2,0.576116013797342,1.06654880652844,"v5.0","94a809a9-a0ef-4c47-8d96-3a5ad76f674b","ec76b77f-7635-4b9d-9975-f28bc334e336",5,4,5,5,0.266272189349112,170,45,841
"High School / Advanced Statistics and Data Science I (ABC)",5,"358dde6e-b5ae-4fa4-898e-05cfff311129",0,490769.476190476,437721.047619048,45214.9523809524,33598.4761904762,0,NA,NA,NA,"v5.0","fc5f1b1b-2aeb-4e09-93fc-06fdac0d8030","95370fbf-5008-435f-b801-8214285f251b",2,5,5,5,0.626865671641791,67,42,100
"High School / Advanced Statistics and Data Science I (ABC)",5,"5431687b-78af-4a33-82d2-177263d0812b",0.625,238938.666666667,19208.2916666667,0,97250.25,1502031.54166667,NA,NA,NA,"v5.0","94a809a9-a0ef-4c47-8d96-3a5ad76f674b","ec76b77f-7635-4b9d-9975-f28bc334e336",2,4,5,5,0.558823529411765,34,19,63
"High School / Advanced Statistics and Data Science I (ABC)",5,"cdff841b-378d-40e7-a2da-c64c3e967d5e",0,315905.142857143,168082.571428571,0,112281.071428571,151982.714285714,1,0.712453684864874,0.712453684864874,"v5.0","94a809a9-a0ef-4c47-8d96-3a5ad76f674b","ec76b77f-7635-4b9d-9975-f28bc334e336",3,3,3,4,0.388888888888889,36,14,70
"High School / Advanced Statistics and Data Science I (ABC)",5,"d47ebe3f-7ca4-4a7c-8e74-ad857af4160d",0,225281.860465116,7318.18604651163,0,143272.511627907,70215.511627907,1,0.523915941585212,0.523915941585212,"v5.0","94a809a9-a0ef-4c47-8d96-3a5ad76f674b","ec76b77f-7635-4b9d-9975-f28bc334e336",5,5,5,5,0.351351351351351,37,13,72
